S/N,"Full Name - First Name, Last Name",Gross Income CAD($),Sex,Date of Birth,Marital Status
1,"Kuzante, Marandinho"," $155,331.00 ",M,24-02-1934,Single
2,"Maruanto, Mazindara"," $176,784.00 ",F,24-02-2934,Married
3,"Kuzante, Marandinho"," $71,233.00 ",M,24-02-3934,Divorced
4,"Maruanto, Mazindara"," $44,868.00 ",M,24-02-4934,Single
5,"Kuzante, Marandinho"," $208,434.00 ",M,24-02-5934,Married
6,"Maruanto, Mazindara"," $153,447.00 ",N,24-02-6934,Divorced
7,"Kuzante, Marandinho"," $192,530.00 ",M,24-02-7934,Single
8,"Maruanto, Mazindara"," $208,149.00 ",F,24-02-8934,Married
9,"Kuzante, Marandinho"," $216,408.00 ",F,24-02-9934,Divorced
10,"Maruanto, Mazindara"," $176,345.00 ",N,24-02-10934,Single
11,"Kuzante, Marandinho"," $84,107.00 ",M,24-02-11934,Married
12,"Maruanto, Mazindara"," $60,299.00 ",N,24-02-12934,Divorced
13,"Kuzante, Marandinho"," $186,982.00 ",F,24-02-13934,Single
14,"Maruanto, Mazindara"," $65,429.00 ",N,24-02-14934,Married
15,"Kuzante, Marandinho"," $85,676.00 ",M,24-02-15934,Divorced
16,"Maruanto, Mazindara"," $207,773.00 ",F,24-02-16934,Single
17,"Kuzante, Marandinho"," $55,275.00 ",M,24-02-17934,Married
18,"Maruanto, Mazindara"," $141,860.00 ",M,24-02-18934,Divorced
19,"Kuzante, Marandinho"," $114,006.00 ",M,24-02-19934,Single
20,"Maruanto, Mazindara"," $137,170.00 ",N,24-02-20934,Married
21,"Kuzante, Marandinho"," $22,475.00 ",M,24-02-21934,Divorced
22,"Maruanto, Mazindara"," $185,655.00 ",F,24-02-22934,Single
23,"Kuzante, Marandinho"," $100,001.00 ",F,24-02-23934,Married
24,"Maruanto, Mazindara"," $145,009.00 ",N,24-02-24934,Divorced
25,"Kuzante, Marandinho"," $175,942.00 ",M,24-02-25934,Single
26,"Maruanto, Mazindara"," $51,520.00 ",N,24-02-26934,Married
27,"Kuzante, Marandinho"," $42,184.00 ",F,24-02-27934,Divorced
28,"Maruanto, Mazindara"," $72,447.00 ",N,24-02-28934,Single
29,"Kuzante, Marandinho"," $245,412.00 ",M,24-02-29934,Married
30,"Maruanto, Mazindara"," $199,050.00 ",F,24-02-30934,Divorced
31,"Kuzante, Marandinho"," $77,405.00 ",M,24-02-31934,Single
32,"Maruanto, Mazindara"," $235,263.00 ",M,24-02-32934,Married
33,"Kuzante, Marandinho"," $72,641.00 ",M,24-02-33934,Divorced
34,"Maruanto, Mazindara"," $95,585.00 ",N,24-02-34934,Single
35,"Kuzante, Marandinho"," $133,244.00 ",M,24-02-35934,Married
36,"Maruanto, Mazindara"," $38,026.00 ",F,24-02-36934,Divorced
37,"Kuzante, Marandinho"," $111,453.00 ",F,24-02-37934,Single
38,"Maruanto, Mazindara"," $70,341.00 ",N,24-02-38934,Married
39,"Kuzante, Marandinho"," $32,782.00 ",M,24-02-39934,Divorced
40,"Maruanto, Mazindara"," $144,108.00 ",N,24-02-40934,Single
41,"Kuzante, Marandinho"," $34,460.00 ",F,24-02-41934,Married
42,"Maruanto, Mazindara"," $249,744.00 ",N,24-02-42934,Divorced
43,"Kuzante, Marandinho"," $13,704.00 ",M,24-02-43934,Single
44,"Maruanto, Mazindara"," $137,172.00 ",F,24-02-44934,Married
45,"Kuzante, Marandinho"," $152,502.00 ",M,24-02-45934,Divorced
46,"Maruanto, Mazindara"," $133,837.00 ",M,24-02-46934,Single
47,"Kuzante, Marandinho"," $105,271.00 ",M,24-02-47934,Married
48,"Maruanto, Mazindara"," $119,076.00 ",N,24-02-48934,Divorced
49,"Kuzante, Marandinho"," $170,086.00 ",M,24-02-49934,Single
50,"Maruanto, Mazindara"," $38,549.00 ",F,24-02-50934,Married
51,"Kuzante, Marandinho"," $115,113.00 ",F,24-02-51934,Divorced
52,"Maruanto, Mazindara"," $88,019.00 ",N,24-02-52934,Single
53,"Kuzante, Marandinho"," $206,899.00 ",M,24-02-53934,Married
54,"Maruanto, Mazindara"," $57,500.00 ",N,24-02-54934,Divorced
55,"Kuzante, Marandinho"," $76,392.00 ",F,24-02-55934,Single
56,"Maruanto, Mazindara"," $53,157.00 ",N,24-02-56934,Married
57,"Kuzante, Marandinho"," $181,651.00 ",M,24-02-57934,Divorced
58,"Maruanto, Mazindara"," $217,194.00 ",F,24-02-58934,Single
59,"Kuzante, Marandinho"," $141,374.00 ",M,24-02-59934,Married
60,"Maruanto, Mazindara"," $58,191.00 ",M,24-02-60934,Divorced
61,"Kuzante, Marandinho"," $20,111.00 ",M,24-02-61934,Single
62,"Maruanto, Mazindara"," $117,382.00 ",N,24-02-62934,Married
63,"Kuzante, Marandinho"," $138,107.00 ",M,24-02-63934,Divorced
64,"Maruanto, Mazindara"," $95,362.00 ",F,24-02-64934,Single
65,"Kuzante, Marandinho"," $173,027.00 ",F,24-02-65934,Married
66,"Maruanto, Mazindara"," $67,275.00 ",N,24-02-66934,Divorced
67,"Kuzante, Marandinho"," $92,665.00 ",M,24-02-67934,Single
68,"Maruanto, Mazindara"," $199,671.00 ",N,24-02-68934,Married
69,"Kuzante, Marandinho"," $123,698.00 ",F,24-02-69934,Divorced
70,"Maruanto, Mazindara"," $210,672.00 ",N,24-02-70934,Single
71,"Kuzante, Marandinho"," $204,144.00 ",M,24-02-71934,Married
72,"Maruanto, Mazindara"," $18,146.00 ",F,24-02-72934,Divorced
73,"Kuzante, Marandinho"," $219,637.00 ",M,24-02-73934,Single
74,"Maruanto, Mazindara"," $178,176.00 ",M,24-02-74934,Married
75,"Kuzante, Marandinho"," $97,236.00 ",M,24-02-75934,Divorced
76,"Maruanto, Mazindara"," $216,439.00 ",N,24-02-76934,Divorced
77,"Kuzante, Marandinho"," $59,437.00 ",M,24-02-77934,Single
78,"Maruanto, Mazindara"," $78,471.00 ",F,24-02-78934,Married
79,"Kuzante, Marandinho"," $142,615.00 ",F,24-02-79934,Divorced
80,"Maruanto, Mazindara"," $96,040.00 ",N,24-02-80934,Single
81,"Kuzante, Marandinho"," $139,243.00 ",M,24-02-81934,Married
82,"Maruanto, Mazindara"," $33,270.00 ",N,24-02-82934,Divorced
83,"Kuzante, Marandinho"," $51,983.00 ",F,24-02-83934,Single
84,"Maruanto, Mazindara"," $231,194.00 ",N,24-02-84934,Married
85,"Kuzante, Marandinho"," $67,429.00 ",M,24-02-85934,Divorced
86,"Maruanto, Mazindara"," $138,926.00 ",F,24-02-86934,Single
87,"Kuzante, Marandinho"," $171,143.00 ",M,24-02-87934,Married
88,"Maruanto, Mazindara"," $152,016.00 ",M,24-02-88934,Divorced
89,"Kuzante, Marandinho"," $119,511.00 ",M,24-02-89934,Single
90,"Maruanto, Mazindara"," $87,488.00 ",N,24-02-90934,Married
91,"Kuzante, Marandinho"," $101,234.00 ",M,24-02-91934,Divorced
92,"Maruanto, Mazindara"," $73,592.00 ",F,24-02-92934,Single
93,"Kuzante, Marandinho"," $81,154.00 ",F,24-02-93934,Married
94,"Maruanto, Mazindara"," $96,795.00 ",N,24-02-94934,Divorced
95,"Kuzante, Marandinho"," $39,649.00 ",M,24-02-95934,Divorced
96,"Maruanto, Mazindara"," $154,590.00 ",N,24-02-96934,Single
97,"Kuzante, Marandinho"," $154,962.00 ",F,24-02-97934,Married
98,"Maruanto, Mazindara"," $198,552.00 ",N,24-02-98934,Divorced
99,"Kuzante, Marandinho"," $123,322.00 ",M,24-02-99934,Single
100,"Maruanto, Mazindara"," $210,761.00 ",F,24-02-100934,Married
101,"Kuzante, Marandinho"," $155,331.00 ",M,24-02-1934,Single
102,"Maruanto, Mazindara"," $176,784.00 ",F,24-02-2934,Married
103,"Kuzante, Marandinho"," $71,233.00 ",M,24-02-3934,Divorced
104,"Maruanto, Mazindara"," $44,868.00 ",M,24-02-4934,Single
105,"Kuzante, Marandinho"," $208,434.00 ",M,24-02-5934,Married
106,"Maruanto, Mazindara"," $153,447.00 ",N,24-02-6934,Divorced
107,"Kuzante, Marandinho"," $192,530.00 ",M,24-02-7934,Single
108,"Maruanto, Mazindara"," $208,149.00 ",F,24-02-8934,Married
109,"Kuzante, Marandinho"," $216,408.00 ",F,24-02-9934,Divorced
110,"Maruanto, Mazindara"," $176,345.00 ",N,24-02-10934,Single
111,"Kuzante, Marandinho"," $84,107.00 ",M,24-02-11934,Married
112,"Maruanto, Mazindara"," $60,299.00 ",N,24-02-12934,Divorced
113,"Kuzante, Marandinho"," $186,982.00 ",F,24-02-13934,Single
114,"Maruanto, Mazindara"," $65,429.00 ",N,24-02-14934,Married
115,"Kuzante, Marandinho"," $85,676.00 ",M,24-02-15934,Divorced
116,"Maruanto, Mazindara"," $207,773.00 ",F,24-02-16934,Single
117,"Kuzante, Marandinho"," $55,275.00 ",M,24-02-17934,Married
118,"Maruanto, Mazindara"," $141,860.00 ",M,24-02-18934,Divorced
119,"Kuzante, Marandinho"," $114,006.00 ",M,24-02-19934,Single
120,"Maruanto, Mazindara"," $137,170.00 ",N,24-02-20934,Married
121,"Kuzante, Marandinho"," $22,475.00 ",M,24-02-21934,Divorced
122,"Maruanto, Mazindara"," $185,655.00 ",F,24-02-22934,Single
123,"Kuzante, Marandinho"," $100,001.00 ",F,24-02-23934,Married
124,"Maruanto, Mazindara"," $145,009.00 ",N,24-02-24934,Divorced
125,"Kuzante, Marandinho"," $175,942.00 ",M,24-02-25934,Single
126,"Maruanto, Mazindara"," $51,520.00 ",N,24-02-26934,Married
127,"Kuzante, Marandinho"," $42,184.00 ",F,24-02-27934,Divorced
128,"Maruanto, Mazindara"," $72,447.00 ",N,24-02-28934,Single
129,"Kuzante, Marandinho"," $245,412.00 ",M,24-02-29934,Married
130,"Maruanto, Mazindara"," $199,050.00 ",F,24-02-30934,Divorced
131,"Kuzante, Marandinho"," $77,405.00 ",M,24-02-31934,Single
132,"Maruanto, Mazindara"," $235,263.00 ",M,24-02-32934,Married
133,"Kuzante, Marandinho"," $72,641.00 ",M,24-02-33934,Divorced
134,"Maruanto, Mazindara"," $95,585.00 ",N,24-02-34934,Single
135,"Kuzante, Marandinho"," $133,244.00 ",M,24-02-35934,Married
136,"Maruanto, Mazindara"," $38,026.00 ",F,24-02-36934,Divorced
137,"Kuzante, Marandinho"," $111,453.00 ",F,24-02-37934,Single
138,"Maruanto, Mazindara"," $70,341.00 ",N,24-02-38934,Married
139,"Kuzante, Marandinho"," $32,782.00 ",M,24-02-39934,Divorced
140,"Maruanto, Mazindara"," $144,108.00 ",N,24-02-40934,Single
141,"Kuzante, Marandinho"," $34,460.00 ",F,24-02-41934,Married
142,"Maruanto, Mazindara"," $249,744.00 ",N,24-02-42934,Divorced
143,"Kuzante, Marandinho"," $13,704.00 ",M,24-02-43934,Single
144,"Maruanto, Mazindara"," $137,172.00 ",F,24-02-44934,Married
145,"Kuzante, Marandinho"," $152,502.00 ",M,24-02-45934,Divorced
146,"Maruanto, Mazindara"," $133,837.00 ",M,24-02-46934,Single
147,"Kuzante, Marandinho"," $105,271.00 ",M,24-02-47934,Married
148,"Maruanto, Mazindara"," $119,076.00 ",N,24-02-48934,Divorced
149,"Kuzante, Marandinho"," $170,086.00 ",M,24-02-49934,Single
150,"Maruanto, Mazindara"," $38,549.00 ",F,24-02-50934,Married
151,"Kuzante, Marandinho"," $115,113.00 ",F,24-02-51934,Divorced
152,"Maruanto, Mazindara"," $88,019.00 ",N,24-02-52934,Single
153,"Kuzante, Marandinho"," $206,899.00 ",M,24-02-53934,Married
154,"Maruanto, Mazindara"," $57,500.00 ",N,24-02-54934,Divorced
155,"Kuzante, Marandinho"," $76,392.00 ",F,24-02-55934,Single
156,"Maruanto, Mazindara"," $53,157.00 ",N,24-02-56934,Married
157,"Kuzante, Marandinho"," $181,651.00 ",M,24-02-57934,Divorced
158,"Maruanto, Mazindara"," $217,194.00 ",F,24-02-58934,Single
159,"Kuzante, Marandinho"," $141,374.00 ",M,24-02-59934,Married
160,"Maruanto, Mazindara"," $58,191.00 ",M,24-02-60934,Divorced
161,"Kuzante, Marandinho"," $20,111.00 ",M,24-02-61934,Single
162,"Maruanto, Mazindara"," $117,382.00 ",N,24-02-62934,Married
163,"Kuzante, Marandinho"," $138,107.00 ",M,24-02-63934,Divorced
164,"Maruanto, Mazindara"," $95,362.00 ",F,24-02-64934,Single
165,"Kuzante, Marandinho"," $173,027.00 ",F,24-02-65934,Married
166,"Maruanto, Mazindara"," $67,275.00 ",N,24-02-66934,Divorced
167,"Kuzante, Marandinho"," $92,665.00 ",M,24-02-67934,Single
168,"Maruanto, Mazindara"," $199,671.00 ",N,24-02-68934,Married
169,"Kuzante, Marandinho"," $123,698.00 ",F,24-02-69934,Divorced
170,"Maruanto, Mazindara"," $210,672.00 ",N,24-02-70934,Single
171,"Kuzante, Marandinho"," $204,144.00 ",M,24-02-71934,Married
172,"Maruanto, Mazindara"," $18,146.00 ",F,24-02-72934,Divorced
173,"Kuzante, Marandinho"," $219,637.00 ",M,24-02-73934,Single
174,"Maruanto, Mazindara"," $178,176.00 ",M,24-02-74934,Married
175,"Kuzante, Marandinho"," $97,236.00 ",M,24-02-75934,Divorced
176,"Maruanto, Mazindara"," $216,439.00 ",N,24-02-76934,Divorced
177,"Kuzante, Marandinho"," $59,437.00 ",M,24-02-77934,Single
178,"Maruanto, Mazindara"," $78,471.00 ",F,24-02-78934,Married
179,"Kuzante, Marandinho"," $142,615.00 ",F,24-02-79934,Divorced
180,"Maruanto, Mazindara"," $96,040.00 ",N,24-02-80934,Single
181,"Kuzante, Marandinho"," $139,243.00 ",M,24-02-81934,Married
182,"Maruanto, Mazindara"," $33,270.00 ",N,24-02-82934,Divorced
183,"Kuzante, Marandinho"," $51,983.00 ",F,24-02-83934,Single
184,"Maruanto, Mazindara"," $231,194.00 ",N,24-02-84934,Married
185,"Kuzante, Marandinho"," $67,429.00 ",M,24-02-85934,Divorced
186,"Maruanto, Mazindara"," $138,926.00 ",F,24-02-86934,Single
187,"Kuzante, Marandinho"," $171,143.00 ",M,24-02-87934,Married
188,"Maruanto, Mazindara"," $152,016.00 ",M,24-02-88934,Divorced
189,"Kuzante, Marandinho"," $119,511.00 ",M,24-02-89934,Single
190,"Maruanto, Mazindara"," $87,488.00 ",N,24-02-90934,Married
191,"Kuzante, Marandinho"," $101,234.00 ",M,24-02-91934,Divorced
192,"Maruanto, Mazindara"," $73,592.00 ",F,24-02-92934,Single
193,"Kuzante, Marandinho"," $81,154.00 ",F,24-02-93934,Married
194,"Maruanto, Mazindara"," $96,795.00 ",N,24-02-94934,Divorced
195,"Kuzante, Marandinho"," $39,649.00 ",M,24-02-95934,Divorced
196,"Maruanto, Mazindara"," $154,590.00 ",N,24-02-96934,Single
197,"Kuzante, Marandinho"," $154,962.00 ",F,24-02-97934,Married
198,"Maruanto, Mazindara"," $198,552.00 ",N,24-02-98934,Divorced
199,"Kuzante, Marandinho"," $123,322.00 ",M,24-02-99934,Single
200,"Maruanto, Mazindara"," $210,761.00 ",F,24-02-100934,Married
201,"Kuzante, Marandinho"," $155,331.00 ",M,24-02-1934,Single
202,"Maruanto, Mazindara"," $176,784.00 ",F,24-02-2934,Married
203,"Kuzante, Marandinho"," $71,233.00 ",M,24-02-3934,Divorced
204,"Maruanto, Mazindara"," $44,868.00 ",M,24-02-4934,Single
205,"Kuzante, Marandinho"," $208,434.00 ",M,24-02-5934,Married
206,"Maruanto, Mazindara"," $153,447.00 ",N,24-02-6934,Divorced
207,"Kuzante, Marandinho"," $192,530.00 ",M,24-02-7934,Single
208,"Maruanto, Mazindara"," $208,149.00 ",F,24-02-8934,Married
209,"Kuzante, Marandinho"," $216,408.00 ",F,24-02-9934,Divorced
210,"Maruanto, Mazindara"," $176,345.00 ",N,24-02-10934,Single
211,"Kuzante, Marandinho"," $84,107.00 ",M,24-02-11934,Married
212,"Maruanto, Mazindara"," $60,299.00 ",N,24-02-12934,Divorced
213,"Kuzante, Marandinho"," $186,982.00 ",F,24-02-13934,Single
214,"Maruanto, Mazindara"," $65,429.00 ",N,24-02-14934,Married
215,"Kuzante, Marandinho"," $85,676.00 ",M,24-02-15934,Divorced
216,"Maruanto, Mazindara"," $207,773.00 ",F,24-02-16934,Single
217,"Kuzante, Marandinho"," $55,275.00 ",M,24-02-17934,Married
218,"Maruanto, Mazindara"," $141,860.00 ",M,24-02-18934,Divorced
219,"Kuzante, Marandinho"," $114,006.00 ",M,24-02-19934,Single
220,"Maruanto, Mazindara"," $137,170.00 ",N,24-02-20934,Married
221,"Kuzante, Marandinho"," $22,475.00 ",M,24-02-21934,Divorced
222,"Maruanto, Mazindara"," $185,655.00 ",F,24-02-22934,Single
223,"Kuzante, Marandinho"," $100,001.00 ",F,24-02-23934,Married
224,"Maruanto, Mazindara"," $145,009.00 ",N,24-02-24934,Divorced
225,"Kuzante, Marandinho"," $175,942.00 ",M,24-02-25934,Single
226,"Maruanto, Mazindara"," $51,520.00 ",N,24-02-26934,Married
227,"Kuzante, Marandinho"," $42,184.00 ",F,24-02-27934,Divorced
228,"Maruanto, Mazindara"," $72,447.00 ",N,24-02-28934,Single
229,"Kuzante, Marandinho"," $245,412.00 ",M,24-02-29934,Married
230,"Maruanto, Mazindara"," $199,050.00 ",F,24-02-30934,Divorced
231,"Kuzante, Marandinho"," $77,405.00 ",M,24-02-31934,Single
232,"Maruanto, Mazindara"," $235,263.00 ",M,24-02-32934,Married
233,"Kuzante, Marandinho"," $72,641.00 ",M,24-02-33934,Divorced
234,"Maruanto, Mazindara"," $95,585.00 ",N,24-02-34934,Single
235,"Kuzante, Marandinho"," $133,244.00 ",M,24-02-35934,Married
236,"Maruanto, Mazindara"," $38,026.00 ",F,24-02-36934,Divorced
237,"Kuzante, Marandinho"," $111,453.00 ",F,24-02-37934,Single
238,"Maruanto, Mazindara"," $70,341.00 ",N,24-02-38934,Married
239,"Kuzante, Marandinho"," $32,782.00 ",M,24-02-39934,Divorced
240,"Maruanto, Mazindara"," $144,108.00 ",N,24-02-40934,Single
241,"Kuzante, Marandinho"," $34,460.00 ",F,24-02-41934,Married
242,"Maruanto, Mazindara"," $249,744.00 ",N,24-02-42934,Divorced
243,"Kuzante, Marandinho"," $13,704.00 ",M,24-02-43934,Single
244,"Maruanto, Mazindara"," $137,172.00 ",F,24-02-44934,Married
245,"Kuzante, Marandinho"," $152,502.00 ",M,24-02-45934,Divorced
246,"Maruanto, Mazindara"," $133,837.00 ",M,24-02-46934,Single
247,"Kuzante, Marandinho"," $105,271.00 ",M,24-02-47934,Married
248,"Maruanto, Mazindara"," $119,076.00 ",N,24-02-48934,Divorced
249,"Kuzante, Marandinho"," $170,086.00 ",M,24-02-49934,Single
250,"Maruanto, Mazindara"," $38,549.00 ",F,24-02-50934,Married
251,"Kuzante, Marandinho"," $115,113.00 ",F,24-02-51934,Divorced
252,"Maruanto, Mazindara"," $88,019.00 ",N,24-02-52934,Single
253,"Kuzante, Marandinho"," $206,899.00 ",M,24-02-53934,Married
254,"Maruanto, Mazindara"," $57,500.00 ",N,24-02-54934,Divorced
255,"Kuzante, Marandinho"," $76,392.00 ",F,24-02-55934,Single
256,"Maruanto, Mazindara"," $53,157.00 ",N,24-02-56934,Married
257,"Kuzante, Marandinho"," $181,651.00 ",M,24-02-57934,Divorced
258,"Maruanto, Mazindara"," $217,194.00 ",F,24-02-58934,Single
259,"Kuzante, Marandinho"," $141,374.00 ",M,24-02-59934,Married
260,"Maruanto, Mazindara"," $58,191.00 ",M,24-02-60934,Divorced
261,"Kuzante, Marandinho"," $20,111.00 ",M,24-02-61934,Single
262,"Maruanto, Mazindara"," $117,382.00 ",N,24-02-62934,Married
263,"Kuzante, Marandinho"," $138,107.00 ",M,24-02-63934,Divorced
264,"Maruanto, Mazindara"," $95,362.00 ",F,24-02-64934,Single
265,"Kuzante, Marandinho"," $173,027.00 ",F,24-02-65934,Married
266,"Maruanto, Mazindara"," $67,275.00 ",N,24-02-66934,Divorced
267,"Kuzante, Marandinho"," $92,665.00 ",M,24-02-67934,Single
268,"Maruanto, Mazindara"," $199,671.00 ",N,24-02-68934,Married
269,"Kuzante, Marandinho"," $123,698.00 ",F,24-02-69934,Divorced
270,"Maruanto, Mazindara"," $210,672.00 ",N,24-02-70934,Single
271,"Kuzante, Marandinho"," $204,144.00 ",M,24-02-71934,Married
272,"Maruanto, Mazindara"," $18,146.00 ",F,24-02-72934,Divorced
273,"Kuzante, Marandinho"," $219,637.00 ",M,24-02-73934,Single
274,"Maruanto, Mazindara"," $178,176.00 ",M,24-02-74934,Married
275,"Kuzante, Marandinho"," $97,236.00 ",M,24-02-75934,Divorced
276,"Maruanto, Mazindara"," $216,439.00 ",N,24-02-76934,Divorced
277,"Kuzante, Marandinho"," $59,437.00 ",M,24-02-77934,Single
278,"Maruanto, Mazindara"," $78,471.00 ",F,24-02-78934,Married
279,"Kuzante, Marandinho"," $142,615.00 ",F,24-02-79934,Divorced
280,"Maruanto, Mazindara"," $96,040.00 ",N,24-02-80934,Single
281,"Kuzante, Marandinho"," $139,243.00 ",M,24-02-81934,Married
282,"Maruanto, Mazindara"," $33,270.00 ",N,24-02-82934,Divorced
283,"Kuzante, Marandinho"," $51,983.00 ",F,24-02-83934,Single
284,"Maruanto, Mazindara"," $231,194.00 ",N,24-02-84934,Married
285,"Kuzante, Marandinho"," $67,429.00 ",M,24-02-85934,Divorced
286,"Maruanto, Mazindara"," $138,926.00 ",F,24-02-86934,Single
287,"Kuzante, Marandinho"," $171,143.00 ",M,24-02-87934,Married
288,"Maruanto, Mazindara"," $152,016.00 ",M,24-02-88934,Divorced
289,"Kuzante, Marandinho"," $119,511.00 ",M,24-02-89934,Single
290,"Maruanto, Mazindara"," $87,488.00 ",N,24-02-90934,Married
291,"Kuzante, Marandinho"," $101,234.00 ",M,24-02-91934,Divorced
292,"Maruanto, Mazindara"," $73,592.00 ",F,24-02-92934,Single
293,"Kuzante, Marandinho"," $81,154.00 ",F,24-02-93934,Married
294,"Maruanto, Mazindara"," $96,795.00 ",N,24-02-94934,Divorced
295,"Kuzante, Marandinho"," $39,649.00 ",M,24-02-95934,Divorced
296,"Maruanto, Mazindara"," $154,590.00 ",N,24-02-96934,Single
297,"Kuzante, Marandinho"," $154,962.00 ",F,24-02-97934,Married
298,"Maruanto, Mazindara"," $198,552.00 ",N,24-02-98934,Divorced
299,"Kuzante, Marandinho"," $123,322.00 ",M,24-02-99934,Single
300,"Maruanto, Mazindara"," $210,761.00 ",F,24-02-100934,Married
301,"Kuzante, Marandinho"," $155,331.00 ",M,24-02-1934,Single
302,"Maruanto, Mazindara"," $176,784.00 ",F,24-02-2934,Married
303,"Kuzante, Marandinho"," $71,233.00 ",M,24-02-3934,Divorced
304,"Maruanto, Mazindara"," $44,868.00 ",M,24-02-4934,Single
305,"Kuzante, Marandinho"," $208,434.00 ",M,24-02-5934,Married
306,"Maruanto, Mazindara"," $153,447.00 ",N,24-02-6934,Divorced
307,"Kuzante, Marandinho"," $192,530.00 ",M,24-02-7934,Single
308,"Maruanto, Mazindara"," $208,149.00 ",F,24-02-8934,Married
309,"Kuzante, Marandinho"," $216,408.00 ",F,24-02-9934,Divorced
310,"Maruanto, Mazindara"," $176,345.00 ",N,24-02-10934,Single
311,"Kuzante, Marandinho"," $84,107.00 ",M,24-02-11934,Married
312,"Maruanto, Mazindara"," $60,299.00 ",N,24-02-12934,Divorced
313,"Kuzante, Marandinho"," $186,982.00 ",F,24-02-13934,Single
314,"Maruanto, Mazindara"," $65,429.00 ",N,24-02-14934,Married
315,"Kuzante, Marandinho"," $85,676.00 ",M,24-02-15934,Divorced
316,"Maruanto, Mazindara"," $207,773.00 ",F,24-02-16934,Single
317,"Kuzante, Marandinho"," $55,275.00 ",M,24-02-17934,Married
318,"Maruanto, Mazindara"," $141,860.00 ",M,24-02-18934,Divorced
319,"Kuzante, Marandinho"," $114,006.00 ",M,24-02-19934,Single
320,"Maruanto, Mazindara"," $137,170.00 ",N,24-02-20934,Married
321,"Kuzante, Marandinho"," $22,475.00 ",M,24-02-21934,Divorced
322,"Maruanto, Mazindara"," $185,655.00 ",F,24-02-22934,Single
323,"Kuzante, Marandinho"," $100,001.00 ",F,24-02-23934,Married
324,"Maruanto, Mazindara"," $145,009.00 ",N,24-02-24934,Divorced
325,"Kuzante, Marandinho"," $175,942.00 ",M,24-02-25934,Single
326,"Maruanto, Mazindara"," $51,520.00 ",N,24-02-26934,Married
327,"Kuzante, Marandinho"," $42,184.00 ",F,24-02-27934,Divorced
328,"Maruanto, Mazindara"," $72,447.00 ",N,24-02-28934,Single
329,"Kuzante, Marandinho"," $245,412.00 ",M,24-02-29934,Married
330,"Maruanto, Mazindara"," $199,050.00 ",F,24-02-30934,Divorced
331,"Kuzante, Marandinho"," $77,405.00 ",M,24-02-31934,Single
332,"Maruanto, Mazindara"," $235,263.00 ",M,24-02-32934,Married
333,"Kuzante, Marandinho"," $72,641.00 ",M,24-02-33934,Divorced
334,"Maruanto, Mazindara"," $95,585.00 ",N,24-02-34934,Single
335,"Kuzante, Marandinho"," $133,244.00 ",M,24-02-35934,Married
336,"Maruanto, Mazindara"," $38,026.00 ",F,24-02-36934,Divorced
337,"Kuzante, Marandinho"," $111,453.00 ",F,24-02-37934,Single
338,"Maruanto, Mazindara"," $70,341.00 ",N,24-02-38934,Married
339,"Kuzante, Marandinho"," $32,782.00 ",M,24-02-39934,Divorced
340,"Maruanto, Mazindara"," $144,108.00 ",N,24-02-40934,Single
341,"Kuzante, Marandinho"," $34,460.00 ",F,24-02-41934,Married
342,"Maruanto, Mazindara"," $249,744.00 ",N,24-02-42934,Divorced
343,"Kuzante, Marandinho"," $13,704.00 ",M,24-02-43934,Single
344,"Maruanto, Mazindara"," $137,172.00 ",F,24-02-44934,Married
345,"Kuzante, Marandinho"," $152,502.00 ",M,24-02-45934,Divorced
346,"Maruanto, Mazindara"," $133,837.00 ",M,24-02-46934,Single
347,"Kuzante, Marandinho"," $105,271.00 ",M,24-02-47934,Married
348,"Maruanto, Mazindara"," $119,076.00 ",N,24-02-48934,Divorced
349,"Kuzante, Marandinho"," $170,086.00 ",M,24-02-49934,Single
350,"Maruanto, Mazindara"," $38,549.00 ",F,24-02-50934,Married
351,"Kuzante, Marandinho"," $115,113.00 ",F,24-02-51934,Divorced
352,"Maruanto, Mazindara"," $88,019.00 ",N,24-02-52934,Single
353,"Kuzante, Marandinho"," $206,899.00 ",M,24-02-53934,Married
354,"Maruanto, Mazindara"," $57,500.00 ",N,24-02-54934,Divorced
355,"Kuzante, Marandinho"," $76,392.00 ",F,24-02-55934,Single
356,"Maruanto, Mazindara"," $53,157.00 ",N,24-02-56934,Married
357,"Kuzante, Marandinho"," $181,651.00 ",M,24-02-57934,Divorced
358,"Maruanto, Mazindara"," $217,194.00 ",F,24-02-58934,Single
359,"Kuzante, Marandinho"," $141,374.00 ",M,24-02-59934,Married
360,"Maruanto, Mazindara"," $58,191.00 ",M,24-02-60934,Divorced
361,"Kuzante, Marandinho"," $20,111.00 ",M,24-02-61934,Single
362,"Maruanto, Mazindara"," $117,382.00 ",N,24-02-62934,Married
363,"Kuzante, Marandinho"," $138,107.00 ",M,24-02-63934,Divorced
364,"Maruanto, Mazindara"," $95,362.00 ",F,24-02-64934,Single
365,"Kuzante, Marandinho"," $173,027.00 ",F,24-02-65934,Married
366,"Maruanto, Mazindara"," $67,275.00 ",N,24-02-66934,Divorced
367,"Kuzante, Marandinho"," $92,665.00 ",M,24-02-67934,Single
368,"Maruanto, Mazindara"," $199,671.00 ",N,24-02-68934,Married
369,"Kuzante, Marandinho"," $123,698.00 ",F,24-02-69934,Divorced
370,"Maruanto, Mazindara"," $210,672.00 ",N,24-02-70934,Single
371,"Kuzante, Marandinho"," $204,144.00 ",M,24-02-71934,Married
372,"Maruanto, Mazindara"," $18,146.00 ",F,24-02-72934,Divorced
373,"Kuzante, Marandinho"," $219,637.00 ",M,24-02-73934,Single
374,"Maruanto, Mazindara"," $178,176.00 ",M,24-02-74934,Married
375,"Kuzante, Marandinho"," $97,236.00 ",M,24-02-75934,Divorced
376,"Maruanto, Mazindara"," $216,439.00 ",N,24-02-76934,Divorced
377,"Kuzante, Marandinho"," $59,437.00 ",M,24-02-77934,Single
378,"Maruanto, Mazindara"," $78,471.00 ",F,24-02-78934,Married
379,"Kuzante, Marandinho"," $142,615.00 ",F,24-02-79934,Divorced
380,"Maruanto, Mazindara"," $96,040.00 ",N,24-02-80934,Single
381,"Kuzante, Marandinho"," $139,243.00 ",M,24-02-81934,Married
382,"Maruanto, Mazindara"," $33,270.00 ",N,24-02-82934,Divorced
383,"Kuzante, Marandinho"," $51,983.00 ",F,24-02-83934,Single
384,"Maruanto, Mazindara"," $231,194.00 ",N,24-02-84934,Married
385,"Kuzante, Marandinho"," $67,429.00 ",M,24-02-85934,Divorced
386,"Maruanto, Mazindara"," $138,926.00 ",F,24-02-86934,Single
387,"Kuzante, Marandinho"," $171,143.00 ",M,24-02-87934,Married
388,"Maruanto, Mazindara"," $152,016.00 ",M,24-02-88934,Divorced
389,"Kuzante, Marandinho"," $119,511.00 ",M,24-02-89934,Single
390,"Maruanto, Mazindara"," $87,488.00 ",N,24-02-90934,Married
391,"Kuzante, Marandinho"," $101,234.00 ",M,24-02-91934,Divorced
392,"Maruanto, Mazindara"," $73,592.00 ",F,24-02-92934,Single
393,"Kuzante, Marandinho"," $81,154.00 ",F,24-02-93934,Married
394,"Maruanto, Mazindara"," $96,795.00 ",N,24-02-94934,Divorced
395,"Kuzante, Marandinho"," $39,649.00 ",M,24-02-95934,Divorced
396,"Maruanto, Mazindara"," $154,590.00 ",N,24-02-96934,Single
397,"Kuzante, Marandinho"," $154,962.00 ",F,24-02-97934,Married
398,"Maruanto, Mazindara"," $198,552.00 ",N,24-02-98934,Divorced
399,"Kuzante, Marandinho"," $123,322.00 ",M,24-02-99934,Single
400,"Maruanto, Mazindara"," $210,761.00 ",F,24-02-100934,Married
401,"Kuzante, Marandinho"," $155,331.00 ",M,24-02-1934,Single
402,"Maruanto, Mazindara"," $176,784.00 ",F,24-02-2934,Married
403,"Kuzante, Marandinho"," $71,233.00 ",M,24-02-3934,Divorced
404,"Maruanto, Mazindara"," $44,868.00 ",M,24-02-4934,Single
405,"Kuzante, Marandinho"," $208,434.00 ",M,24-02-5934,Married
406,"Maruanto, Mazindara"," $153,447.00 ",N,24-02-6934,Divorced
407,"Kuzante, Marandinho"," $192,530.00 ",M,24-02-7934,Single
408,"Maruanto, Mazindara"," $208,149.00 ",F,24-02-8934,Married
409,"Kuzante, Marandinho"," $216,408.00 ",F,24-02-9934,Divorced
410,"Maruanto, Mazindara"," $176,345.00 ",N,24-02-10934,Single
411,"Kuzante, Marandinho"," $84,107.00 ",M,24-02-11934,Married
412,"Maruanto, Mazindara"," $60,299.00 ",N,24-02-12934,Divorced
413,"Kuzante, Marandinho"," $186,982.00 ",F,24-02-13934,Single
414,"Maruanto, Mazindara"," $65,429.00 ",N,24-02-14934,Married
415,"Kuzante, Marandinho"," $85,676.00 ",M,24-02-15934,Divorced
416,"Maruanto, Mazindara"," $207,773.00 ",F,24-02-16934,Single
417,"Kuzante, Marandinho"," $55,275.00 ",M,24-02-17934,Married
418,"Maruanto, Mazindara"," $141,860.00 ",M,24-02-18934,Divorced
419,"Kuzante, Marandinho"," $114,006.00 ",M,24-02-19934,Single
420,"Maruanto, Mazindara"," $137,170.00 ",N,24-02-20934,Married
421,"Kuzante, Marandinho"," $22,475.00 ",M,24-02-21934,Divorced
422,"Maruanto, Mazindara"," $185,655.00 ",F,24-02-22934,Single
423,"Kuzante, Marandinho"," $100,001.00 ",F,24-02-23934,Married
424,"Maruanto, Mazindara"," $145,009.00 ",N,24-02-24934,Divorced
425,"Kuzante, Marandinho"," $175,942.00 ",M,24-02-25934,Single
426,"Maruanto, Mazindara"," $51,520.00 ",N,24-02-26934,Married
427,"Kuzante, Marandinho"," $42,184.00 ",F,24-02-27934,Divorced
428,"Maruanto, Mazindara"," $72,447.00 ",N,24-02-28934,Single
429,"Kuzante, Marandinho"," $245,412.00 ",M,24-02-29934,Married
430,"Maruanto, Mazindara"," $199,050.00 ",F,24-02-30934,Divorced
431,"Kuzante, Marandinho"," $77,405.00 ",M,24-02-31934,Single
432,"Maruanto, Mazindara"," $235,263.00 ",M,24-02-32934,Married
433,"Kuzante, Marandinho"," $72,641.00 ",M,24-02-33934,Divorced
434,"Maruanto, Mazindara"," $95,585.00 ",N,24-02-34934,Single
435,"Kuzante, Marandinho"," $133,244.00 ",M,24-02-35934,Married
436,"Maruanto, Mazindara"," $38,026.00 ",F,24-02-36934,Divorced
437,"Kuzante, Marandinho"," $111,453.00 ",F,24-02-37934,Single
438,"Maruanto, Mazindara"," $70,341.00 ",N,24-02-38934,Married
439,"Kuzante, Marandinho"," $32,782.00 ",M,24-02-39934,Divorced
440,"Maruanto, Mazindara"," $144,108.00 ",N,24-02-40934,Single
441,"Kuzante, Marandinho"," $34,460.00 ",F,24-02-41934,Married
442,"Maruanto, Mazindara"," $249,744.00 ",N,24-02-42934,Divorced
443,"Kuzante, Marandinho"," $13,704.00 ",M,24-02-43934,Single
444,"Maruanto, Mazindara"," $137,172.00 ",F,24-02-44934,Married
445,"Kuzante, Marandinho"," $152,502.00 ",M,24-02-45934,Divorced
446,"Maruanto, Mazindara"," $133,837.00 ",M,24-02-46934,Single
447,"Kuzante, Marandinho"," $105,271.00 ",M,24-02-47934,Married
448,"Maruanto, Mazindara"," $119,076.00 ",N,24-02-48934,Divorced
449,"Kuzante, Marandinho"," $170,086.00 ",M,24-02-49934,Single
450,"Maruanto, Mazindara"," $38,549.00 ",F,24-02-50934,Married
451,"Kuzante, Marandinho"," $115,113.00 ",F,24-02-51934,Divorced
452,"Maruanto, Mazindara"," $88,019.00 ",N,24-02-52934,Single
453,"Kuzante, Marandinho"," $206,899.00 ",M,24-02-53934,Married
454,"Maruanto, Mazindara"," $57,500.00 ",N,24-02-54934,Divorced
455,"Kuzante, Marandinho"," $76,392.00 ",F,24-02-55934,Single
456,"Maruanto, Mazindara"," $53,157.00 ",N,24-02-56934,Married
457,"Kuzante, Marandinho"," $181,651.00 ",M,24-02-57934,Divorced
458,"Maruanto, Mazindara"," $217,194.00 ",F,24-02-58934,Single
459,"Kuzante, Marandinho"," $141,374.00 ",M,24-02-59934,Married
460,"Maruanto, Mazindara"," $58,191.00 ",M,24-02-60934,Divorced
461,"Kuzante, Marandinho"," $20,111.00 ",M,24-02-61934,Single
462,"Maruanto, Mazindara"," $117,382.00 ",N,24-02-62934,Married
463,"Kuzante, Marandinho"," $138,107.00 ",M,24-02-63934,Divorced
464,"Maruanto, Mazindara"," $95,362.00 ",F,24-02-64934,Single
465,"Kuzante, Marandinho"," $173,027.00 ",F,24-02-65934,Married
466,"Maruanto, Mazindara"," $67,275.00 ",N,24-02-66934,Divorced
467,"Kuzante, Marandinho"," $92,665.00 ",M,24-02-67934,Single
468,"Maruanto, Mazindara"," $199,671.00 ",N,24-02-68934,Married
469,"Kuzante, Marandinho"," $123,698.00 ",F,24-02-69934,Divorced
470,"Maruanto, Mazindara"," $210,672.00 ",N,24-02-70934,Single
471,"Kuzante, Marandinho"," $204,144.00 ",M,24-02-71934,Married
472,"Maruanto, Mazindara"," $18,146.00 ",F,24-02-72934,Divorced
473,"Kuzante, Marandinho"," $219,637.00 ",M,24-02-73934,Single
474,"Maruanto, Mazindara"," $178,176.00 ",M,24-02-74934,Married
475,"Kuzante, Marandinho"," $97,236.00 ",M,24-02-75934,Divorced
476,"Maruanto, Mazindara"," $216,439.00 ",N,24-02-76934,Divorced
477,"Kuzante, Marandinho"," $59,437.00 ",M,24-02-77934,Single
478,"Maruanto, Mazindara"," $78,471.00 ",F,24-02-78934,Married
479,"Kuzante, Marandinho"," $142,615.00 ",F,24-02-79934,Divorced
480,"Maruanto, Mazindara"," $96,040.00 ",N,24-02-80934,Single
481,"Kuzante, Marandinho"," $139,243.00 ",M,24-02-81934,Married
482,"Maruanto, Mazindara"," $33,270.00 ",N,24-02-82934,Divorced
483,"Kuzante, Marandinho"," $51,983.00 ",F,24-02-83934,Single
484,"Maruanto, Mazindara"," $231,194.00 ",N,24-02-84934,Married
485,"Kuzante, Marandinho"," $67,429.00 ",M,24-02-85934,Divorced
486,"Maruanto, Mazindara"," $138,926.00 ",F,24-02-86934,Single
487,"Kuzante, Marandinho"," $171,143.00 ",M,24-02-87934,Married
488,"Maruanto, Mazindara"," $152,016.00 ",M,24-02-88934,Divorced
489,"Kuzante, Marandinho"," $119,511.00 ",M,24-02-89934,Single
490,"Maruanto, Mazindara"," $87,488.00 ",N,24-02-90934,Married
491,"Kuzante, Marandinho"," $101,234.00 ",M,24-02-91934,Divorced
492,"Maruanto, Mazindara"," $73,592.00 ",F,24-02-92934,Single
493,"Kuzante, Marandinho"," $81,154.00 ",F,24-02-93934,Married
494,"Maruanto, Mazindara"," $96,795.00 ",N,24-02-94934,Divorced
495,"Kuzante, Marandinho"," $39,649.00 ",M,24-02-95934,Divorced
496,"Maruanto, Mazindara"," $154,590.00 ",N,24-02-96934,Single
497,"Kuzante, Marandinho"," $154,962.00 ",F,24-02-97934,Married
498,"Maruanto, Mazindara"," $198,552.00 ",N,24-02-98934,Divorced
499,"Kuzante, Marandinho"," $123,322.00 ",M,24-02-99934,Single
500,"Maruanto, Mazindara"," $210,761.00 ",F,24-02-100934,Married
501,"Kuzante, Marandinho"," $155,331.00 ",M,24-02-1934,Single
502,"Maruanto, Mazindara"," $176,784.00 ",F,24-02-2934,Married
503,"Kuzante, Marandinho"," $71,233.00 ",M,24-02-3934,Divorced
504,"Maruanto, Mazindara"," $44,868.00 ",M,24-02-4934,Single
505,"Kuzante, Marandinho"," $208,434.00 ",M,24-02-5934,Married
506,"Maruanto, Mazindara"," $153,447.00 ",N,24-02-6934,Divorced
507,"Kuzante, Marandinho"," $192,530.00 ",M,24-02-7934,Single
508,"Maruanto, Mazindara"," $208,149.00 ",F,24-02-8934,Married
509,"Kuzante, Marandinho"," $216,408.00 ",F,24-02-9934,Divorced
510,"Maruanto, Mazindara"," $176,345.00 ",N,24-02-10934,Single
511,"Kuzante, Marandinho"," $84,107.00 ",M,24-02-11934,Married
512,"Maruanto, Mazindara"," $60,299.00 ",N,24-02-12934,Divorced
513,"Kuzante, Marandinho"," $186,982.00 ",F,24-02-13934,Single
514,"Maruanto, Mazindara"," $65,429.00 ",N,24-02-14934,Married
515,"Kuzante, Marandinho"," $85,676.00 ",M,24-02-15934,Divorced
516,"Maruanto, Mazindara"," $207,773.00 ",F,24-02-16934,Single
517,"Kuzante, Marandinho"," $55,275.00 ",M,24-02-17934,Married
518,"Maruanto, Mazindara"," $141,860.00 ",M,24-02-18934,Divorced
519,"Kuzante, Marandinho"," $114,006.00 ",M,24-02-19934,Single
520,"Maruanto, Mazindara"," $137,170.00 ",N,24-02-20934,Married
521,"Kuzante, Marandinho"," $22,475.00 ",M,24-02-21934,Divorced
522,"Maruanto, Mazindara"," $185,655.00 ",F,24-02-22934,Single
523,"Kuzante, Marandinho"," $100,001.00 ",F,24-02-23934,Married
524,"Maruanto, Mazindara"," $145,009.00 ",N,24-02-24934,Divorced
525,"Kuzante, Marandinho"," $175,942.00 ",M,24-02-25934,Single
526,"Maruanto, Mazindara"," $51,520.00 ",N,24-02-26934,Married
527,"Kuzante, Marandinho"," $42,184.00 ",F,24-02-27934,Divorced
528,"Maruanto, Mazindara"," $72,447.00 ",N,24-02-28934,Single
529,"Kuzante, Marandinho"," $245,412.00 ",M,24-02-29934,Married
530,"Maruanto, Mazindara"," $199,050.00 ",F,24-02-30934,Divorced
531,"Kuzante, Marandinho"," $77,405.00 ",M,24-02-31934,Single
532,"Maruanto, Mazindara"," $235,263.00 ",M,24-02-32934,Married
533,"Kuzante, Marandinho"," $72,641.00 ",M,24-02-33934,Divorced
534,"Maruanto, Mazindara"," $95,585.00 ",N,24-02-34934,Single
535,"Kuzante, Marandinho"," $133,244.00 ",M,24-02-35934,Married
536,"Maruanto, Mazindara"," $38,026.00 ",F,24-02-36934,Divorced
537,"Kuzante, Marandinho"," $111,453.00 ",F,24-02-37934,Single
538,"Maruanto, Mazindara"," $70,341.00 ",N,24-02-38934,Married
539,"Kuzante, Marandinho"," $32,782.00 ",M,24-02-39934,Divorced
540,"Maruanto, Mazindara"," $144,108.00 ",N,24-02-40934,Single
541,"Kuzante, Marandinho"," $34,460.00 ",F,24-02-41934,Married
542,"Maruanto, Mazindara"," $249,744.00 ",N,24-02-42934,Divorced
543,"Kuzante, Marandinho"," $13,704.00 ",M,24-02-43934,Single
544,"Maruanto, Mazindara"," $137,172.00 ",F,24-02-44934,Married
545,"Kuzante, Marandinho"," $152,502.00 ",M,24-02-45934,Divorced
546,"Maruanto, Mazindara"," $133,837.00 ",M,24-02-46934,Single
547,"Kuzante, Marandinho"," $105,271.00 ",M,24-02-47934,Married
548,"Maruanto, Mazindara"," $119,076.00 ",N,24-02-48934,Divorced
549,"Kuzante, Marandinho"," $170,086.00 ",M,24-02-49934,Single
550,"Maruanto, Mazindara"," $38,549.00 ",F,24-02-50934,Married
551,"Kuzante, Marandinho"," $115,113.00 ",F,24-02-51934,Divorced
552,"Maruanto, Mazindara"," $88,019.00 ",N,24-02-52934,Single
553,"Kuzante, Marandinho"," $206,899.00 ",M,24-02-53934,Married
554,"Maruanto, Mazindara"," $57,500.00 ",N,24-02-54934,Divorced
555,"Kuzante, Marandinho"," $76,392.00 ",F,24-02-55934,Single
556,"Maruanto, Mazindara"," $53,157.00 ",N,24-02-56934,Married
557,"Kuzante, Marandinho"," $181,651.00 ",M,24-02-57934,Divorced
558,"Maruanto, Mazindara"," $217,194.00 ",F,24-02-58934,Single
559,"Kuzante, Marandinho"," $141,374.00 ",M,24-02-59934,Married
560,"Maruanto, Mazindara"," $58,191.00 ",M,24-02-60934,Divorced
561,"Kuzante, Marandinho"," $20,111.00 ",M,24-02-61934,Single
562,"Maruanto, Mazindara"," $117,382.00 ",N,24-02-62934,Married
563,"Kuzante, Marandinho"," $138,107.00 ",M,24-02-63934,Divorced
564,"Maruanto, Mazindara"," $95,362.00 ",F,24-02-64934,Single
565,"Kuzante, Marandinho"," $173,027.00 ",F,24-02-65934,Married
566,"Maruanto, Mazindara"," $67,275.00 ",N,24-02-66934,Divorced
567,"Kuzante, Marandinho"," $92,665.00 ",M,24-02-67934,Single
568,"Maruanto, Mazindara"," $199,671.00 ",N,24-02-68934,Married
569,"Kuzante, Marandinho"," $123,698.00 ",F,24-02-69934,Divorced
570,"Maruanto, Mazindara"," $210,672.00 ",N,24-02-70934,Single
571,"Kuzante, Marandinho"," $204,144.00 ",M,24-02-71934,Married
572,"Maruanto, Mazindara"," $18,146.00 ",F,24-02-72934,Divorced
573,"Kuzante, Marandinho"," $219,637.00 ",M,24-02-73934,Single
574,"Maruanto, Mazindara"," $178,176.00 ",M,24-02-74934,Married
575,"Kuzante, Marandinho"," $97,236.00 ",M,24-02-75934,Divorced
576,"Maruanto, Mazindara"," $216,439.00 ",N,24-02-76934,Divorced
577,"Kuzante, Marandinho"," $59,437.00 ",M,24-02-77934,Single
578,"Maruanto, Mazindara"," $78,471.00 ",F,24-02-78934,Married
579,"Kuzante, Marandinho"," $142,615.00 ",F,24-02-79934,Divorced
580,"Maruanto, Mazindara"," $96,040.00 ",N,24-02-80934,Single
581,"Kuzante, Marandinho"," $139,243.00 ",M,24-02-81934,Married
582,"Maruanto, Mazindara"," $33,270.00 ",N,24-02-82934,Divorced
583,"Kuzante, Marandinho"," $51,983.00 ",F,24-02-83934,Single
584,"Maruanto, Mazindara"," $231,194.00 ",N,24-02-84934,Married
585,"Kuzante, Marandinho"," $67,429.00 ",M,24-02-85934,Divorced
586,"Maruanto, Mazindara"," $138,926.00 ",F,24-02-86934,Single
587,"Kuzante, Marandinho"," $171,143.00 ",M,24-02-87934,Married
588,"Maruanto, Mazindara"," $152,016.00 ",M,24-02-88934,Divorced
589,"Kuzante, Marandinho"," $119,511.00 ",M,24-02-89934,Single
590,"Maruanto, Mazindara"," $87,488.00 ",N,24-02-90934,Married
591,"Kuzante, Marandinho"," $101,234.00 ",M,24-02-91934,Divorced
592,"Maruanto, Mazindara"," $73,592.00 ",F,24-02-92934,Single
593,"Kuzante, Marandinho"," $81,154.00 ",F,24-02-93934,Married
594,"Maruanto, Mazindara"," $96,795.00 ",N,24-02-94934,Divorced
595,"Kuzante, Marandinho"," $39,649.00 ",M,24-02-95934,Divorced
596,"Maruanto, Mazindara"," $154,590.00 ",N,24-02-96934,Single
597,"Kuzante, Marandinho"," $154,962.00 ",F,24-02-97934,Married
598,"Maruanto, Mazindara"," $198,552.00 ",N,24-02-98934,Divorced
599,"Kuzante, Marandinho"," $123,322.00 ",M,24-02-99934,Single
600,"Maruanto, Mazindara"," $210,761.00 ",F,24-02-100934,Married
601,"Kuzante, Marandinho"," $155,331.00 ",M,24-02-1934,Single
602,"Maruanto, Mazindara"," $176,784.00 ",F,24-02-2934,Married
603,"Kuzante, Marandinho"," $71,233.00 ",M,24-02-3934,Divorced
604,"Maruanto, Mazindara"," $44,868.00 ",M,24-02-4934,Single
605,"Kuzante, Marandinho"," $208,434.00 ",M,24-02-5934,Married
606,"Maruanto, Mazindara"," $153,447.00 ",N,24-02-6934,Divorced
607,"Kuzante, Marandinho"," $192,530.00 ",M,24-02-7934,Single
608,"Maruanto, Mazindara"," $208,149.00 ",F,24-02-8934,Married
609,"Kuzante, Marandinho"," $216,408.00 ",F,24-02-9934,Divorced
610,"Maruanto, Mazindara"," $176,345.00 ",N,24-02-10934,Single
611,"Kuzante, Marandinho"," $84,107.00 ",M,24-02-11934,Married
612,"Maruanto, Mazindara"," $60,299.00 ",N,24-02-12934,Divorced
613,"Kuzante, Marandinho"," $186,982.00 ",F,24-02-13934,Single
614,"Maruanto, Mazindara"," $65,429.00 ",N,24-02-14934,Married
615,"Kuzante, Marandinho"," $85,676.00 ",M,24-02-15934,Divorced
616,"Maruanto, Mazindara"," $207,773.00 ",F,24-02-16934,Single
617,"Kuzante, Marandinho"," $55,275.00 ",M,24-02-17934,Married
618,"Maruanto, Mazindara"," $141,860.00 ",M,24-02-18934,Divorced
619,"Kuzante, Marandinho"," $114,006.00 ",M,24-02-19934,Single
620,"Maruanto, Mazindara"," $137,170.00 ",N,24-02-20934,Married
621,"Kuzante, Marandinho"," $22,475.00 ",M,24-02-21934,Divorced
622,"Maruanto, Mazindara"," $185,655.00 ",F,24-02-22934,Single
623,"Kuzante, Marandinho"," $100,001.00 ",F,24-02-23934,Married
624,"Maruanto, Mazindara"," $145,009.00 ",N,24-02-24934,Divorced
625,"Kuzante, Marandinho"," $175,942.00 ",M,24-02-25934,Single
626,"Maruanto, Mazindara"," $51,520.00 ",N,24-02-26934,Married
627,"Kuzante, Marandinho"," $42,184.00 ",F,24-02-27934,Divorced
628,"Maruanto, Mazindara"," $72,447.00 ",N,24-02-28934,Single
629,"Kuzante, Marandinho"," $245,412.00 ",M,24-02-29934,Married
630,"Maruanto, Mazindara"," $199,050.00 ",F,24-02-30934,Divorced
631,"Kuzante, Marandinho"," $77,405.00 ",M,24-02-31934,Single
632,"Maruanto, Mazindara"," $235,263.00 ",M,24-02-32934,Married
633,"Kuzante, Marandinho"," $72,641.00 ",M,24-02-33934,Divorced
634,"Maruanto, Mazindara"," $95,585.00 ",N,24-02-34934,Single
635,"Kuzante, Marandinho"," $133,244.00 ",M,24-02-35934,Married
636,"Maruanto, Mazindara"," $38,026.00 ",F,24-02-36934,Divorced
637,"Kuzante, Marandinho"," $111,453.00 ",F,24-02-37934,Single
638,"Maruanto, Mazindara"," $70,341.00 ",N,24-02-38934,Married
639,"Kuzante, Marandinho"," $32,782.00 ",M,24-02-39934,Divorced
640,"Maruanto, Mazindara"," $144,108.00 ",N,24-02-40934,Single
641,"Kuzante, Marandinho"," $34,460.00 ",F,24-02-41934,Married
642,"Maruanto, Mazindara"," $249,744.00 ",N,24-02-42934,Divorced
643,"Kuzante, Marandinho"," $13,704.00 ",M,24-02-43934,Single
644,"Maruanto, Mazindara"," $137,172.00 ",F,24-02-44934,Married
645,"Kuzante, Marandinho"," $152,502.00 ",M,24-02-45934,Divorced
646,"Maruanto, Mazindara"," $133,837.00 ",M,24-02-46934,Single
647,"Kuzante, Marandinho"," $105,271.00 ",M,24-02-47934,Married
648,"Maruanto, Mazindara"," $119,076.00 ",N,24-02-48934,Divorced
649,"Kuzante, Marandinho"," $170,086.00 ",M,24-02-49934,Single
650,"Maruanto, Mazindara"," $38,549.00 ",F,24-02-50934,Married
651,"Kuzante, Marandinho"," $115,113.00 ",F,24-02-51934,Divorced
652,"Maruanto, Mazindara"," $88,019.00 ",N,24-02-52934,Single
653,"Kuzante, Marandinho"," $206,899.00 ",M,24-02-53934,Married
654,"Maruanto, Mazindara"," $57,500.00 ",N,24-02-54934,Divorced
655,"Kuzante, Marandinho"," $76,392.00 ",F,24-02-55934,Single
656,"Maruanto, Mazindara"," $53,157.00 ",N,24-02-56934,Married
657,"Kuzante, Marandinho"," $181,651.00 ",M,24-02-57934,Divorced
658,"Maruanto, Mazindara"," $217,194.00 ",F,24-02-58934,Single
659,"Kuzante, Marandinho"," $141,374.00 ",M,24-02-59934,Married
660,"Maruanto, Mazindara"," $58,191.00 ",M,24-02-60934,Divorced
661,"Kuzante, Marandinho"," $20,111.00 ",M,24-02-61934,Single
662,"Maruanto, Mazindara"," $117,382.00 ",N,24-02-62934,Married
663,"Kuzante, Marandinho"," $138,107.00 ",M,24-02-63934,Divorced
664,"Maruanto, Mazindara"," $95,362.00 ",F,24-02-64934,Single
665,"Kuzante, Marandinho"," $173,027.00 ",F,24-02-65934,Married
666,"Maruanto, Mazindara"," $67,275.00 ",N,24-02-66934,Divorced
667,"Kuzante, Marandinho"," $92,665.00 ",M,24-02-67934,Single
668,"Maruanto, Mazindara"," $199,671.00 ",N,24-02-68934,Married
669,"Kuzante, Marandinho"," $123,698.00 ",F,24-02-69934,Divorced
670,"Maruanto, Mazindara"," $210,672.00 ",N,24-02-70934,Single
671,"Kuzante, Marandinho"," $204,144.00 ",M,24-02-71934,Married
672,"Maruanto, Mazindara"," $18,146.00 ",F,24-02-72934,Divorced
673,"Kuzante, Marandinho"," $219,637.00 ",M,24-02-73934,Single
674,"Maruanto, Mazindara"," $178,176.00 ",M,24-02-74934,Married
675,"Kuzante, Marandinho"," $97,236.00 ",M,24-02-75934,Divorced
676,"Maruanto, Mazindara"," $216,439.00 ",N,24-02-76934,Divorced
677,"Kuzante, Marandinho"," $59,437.00 ",M,24-02-77934,Single
678,"Maruanto, Mazindara"," $78,471.00 ",F,24-02-78934,Married
679,"Kuzante, Marandinho"," $142,615.00 ",F,24-02-79934,Divorced
680,"Maruanto, Mazindara"," $96,040.00 ",N,24-02-80934,Single
681,"Kuzante, Marandinho"," $139,243.00 ",M,24-02-81934,Married
682,"Maruanto, Mazindara"," $33,270.00 ",N,24-02-82934,Divorced
683,"Kuzante, Marandinho"," $51,983.00 ",F,24-02-83934,Single
684,"Maruanto, Mazindara"," $231,194.00 ",N,24-02-84934,Married
685,"Kuzante, Marandinho"," $67,429.00 ",M,24-02-85934,Divorced
686,"Maruanto, Mazindara"," $138,926.00 ",F,24-02-86934,Single
687,"Kuzante, Marandinho"," $171,143.00 ",M,24-02-87934,Married
688,"Maruanto, Mazindara"," $152,016.00 ",M,24-02-88934,Divorced
689,"Kuzante, Marandinho"," $119,511.00 ",M,24-02-89934,Single
690,"Maruanto, Mazindara"," $87,488.00 ",N,24-02-90934,Married
691,"Kuzante, Marandinho"," $101,234.00 ",M,24-02-91934,Divorced
692,"Maruanto, Mazindara"," $73,592.00 ",F,24-02-92934,Single
693,"Kuzante, Marandinho"," $81,154.00 ",F,24-02-93934,Married
694,"Maruanto, Mazindara"," $96,795.00 ",N,24-02-94934,Divorced
695,"Kuzante, Marandinho"," $39,649.00 ",M,24-02-95934,Divorced
696,"Maruanto, Mazindara"," $154,590.00 ",N,24-02-96934,Single
697,"Kuzante, Marandinho"," $154,962.00 ",F,24-02-97934,Married
698,"Maruanto, Mazindara"," $198,552.00 ",N,24-02-98934,Divorced
699,"Kuzante, Marandinho"," $123,322.00 ",M,24-02-99934,Single
700,"Maruanto, Mazindara"," $210,761.00 ",F,24-02-100934,Married
701,"Kuzante, Marandinho"," $142,615.00 ",F,24-02-79934,Divorced
702,"Maruanto, Mazindara"," $96,040.00 ",N,24-02-80934,Single
703,"Kuzante, Marandinho"," $139,243.00 ",M,24-02-81934,Married
704,"Maruanto, Mazindara"," $33,270.00 ",N,24-02-82934,Divorced
705,"Kuzante, Marandinho"," $51,983.00 ",F,24-02-83934,Single
706,"Maruanto, Mazindara"," $231,194.00 ",N,24-02-84934,Married
707,"Kuzante, Marandinho"," $67,429.00 ",M,24-02-85934,Divorced
708,"Maruanto, Mazindara"," $138,926.00 ",F,24-02-86934,Single
709,"Kuzante, Marandinho"," $171,143.00 ",M,24-02-87934,Married
710,"Maruanto, Mazindara"," $152,016.00 ",M,24-02-88934,Divorced
711,"Kuzante, Marandinho"," $119,511.00 ",M,24-02-89934,Single
712,"Maruanto, Mazindara"," $87,488.00 ",N,24-02-90934,Married
713,"Kuzante, Marandinho"," $101,234.00 ",M,24-02-91934,Divorced
714,"Maruanto, Mazindara"," $73,592.00 ",F,24-02-92934,Single
715,"Kuzante, Marandinho"," $81,154.00 ",F,24-02-93934,Married
716,"Maruanto, Mazindara"," $96,795.00 ",N,24-02-94934,Divorced
717,"Kuzante, Marandinho"," $39,649.00 ",M,24-02-95934,Divorced
718,"Maruanto, Mazindara"," $154,590.00 ",N,24-02-96934,Single
719,"Kuzante, Marandinho"," $154,962.00 ",F,24-02-97934,Married
720,"Maruanto, Mazindara"," $198,552.00 ",N,24-02-98934,Divorced
721,"Kuzante, Marandinho"," $123,322.00 ",M,24-02-99934,Single
722,"Maruanto, Mazindara"," $210,761.00 ",F,24-02-100934,Married
723,"Kuzante, Marandinho"," $155,331.00 ",M,24-02-1934,Single
724,"Maruanto, Mazindara"," $176,784.00 ",F,24-02-2934,Married
725,"Kuzante, Marandinho"," $71,233.00 ",M,24-02-3934,Divorced
726,"Maruanto, Mazindara"," $44,868.00 ",M,24-02-4934,Single
727,"Kuzante, Marandinho"," $208,434.00 ",M,24-02-5934,Married
728,"Maruanto, Mazindara"," $153,447.00 ",N,24-02-6934,Divorced
729,"Kuzante, Marandinho"," $192,530.00 ",M,24-02-7934,Single
730,"Maruanto, Mazindara"," $208,149.00 ",F,24-02-8934,Married
731,"Kuzante, Marandinho"," $216,408.00 ",F,24-02-9934,Divorced
732,"Maruanto, Mazindara"," $176,345.00 ",N,24-02-10934,Single
733,"Kuzante, Marandinho"," $84,107.00 ",M,24-02-11934,Married
734,"Maruanto, Mazindara"," $60,299.00 ",N,24-02-12934,Divorced
735,"Kuzante, Marandinho"," $186,982.00 ",F,24-02-13934,Single
736,"Maruanto, Mazindara"," $65,429.00 ",N,24-02-14934,Married
737,"Kuzante, Marandinho"," $85,676.00 ",M,24-02-15934,Divorced
738,"Maruanto, Mazindara"," $207,773.00 ",F,24-02-16934,Single
739,"Kuzante, Marandinho"," $55,275.00 ",M,24-02-17934,Married
740,"Maruanto, Mazindara"," $141,860.00 ",M,24-02-18934,Divorced
741,"Kuzante, Marandinho"," $114,006.00 ",M,24-02-19934,Single
742,"Maruanto, Mazindara"," $137,170.00 ",N,24-02-20934,Married
743,"Kuzante, Marandinho"," $22,475.00 ",M,24-02-21934,Divorced
744,"Maruanto, Mazindara"," $185,655.00 ",F,24-02-22934,Single
745,"Kuzante, Marandinho"," $100,001.00 ",F,24-02-23934,Married
746,"Maruanto, Mazindara"," $145,009.00 ",N,24-02-24934,Divorced
747,"Kuzante, Marandinho"," $175,942.00 ",M,24-02-25934,Single
748,"Maruanto, Mazindara"," $51,520.00 ",N,24-02-26934,Married
749,"Kuzante, Marandinho"," $42,184.00 ",F,24-02-27934,Divorced
750,"Maruanto, Mazindara"," $72,447.00 ",N,24-02-28934,Single
751,"Kuzante, Marandinho"," $245,412.00 ",M,24-02-29934,Married
752,"Maruanto, Mazindara"," $199,050.00 ",F,24-02-30934,Divorced
753,"Kuzante, Marandinho"," $77,405.00 ",M,24-02-31934,Single
754,"Maruanto, Mazindara"," $235,263.00 ",M,24-02-32934,Married
755,"Kuzante, Marandinho"," $72,641.00 ",M,24-02-33934,Divorced
756,"Maruanto, Mazindara"," $95,585.00 ",N,24-02-34934,Single
757,"Kuzante, Marandinho"," $133,244.00 ",M,24-02-35934,Married
758,"Maruanto, Mazindara"," $38,026.00 ",F,24-02-36934,Divorced
759,"Kuzante, Marandinho"," $111,453.00 ",F,24-02-37934,Single
760,"Maruanto, Mazindara"," $70,341.00 ",N,24-02-38934,Married
761,"Kuzante, Marandinho"," $32,782.00 ",M,24-02-39934,Divorced
762,"Maruanto, Mazindara"," $144,108.00 ",N,24-02-40934,Single
763,"Kuzante, Marandinho"," $34,460.00 ",F,24-02-41934,Married
764,"Maruanto, Mazindara"," $249,744.00 ",N,24-02-42934,Divorced
765,"Kuzante, Marandinho"," $13,704.00 ",M,24-02-43934,Single
766,"Maruanto, Mazindara"," $137,172.00 ",F,24-02-44934,Married
767,"Kuzante, Marandinho"," $152,502.00 ",M,24-02-45934,Divorced
768,"Maruanto, Mazindara"," $133,837.00 ",M,24-02-46934,Single
769,"Kuzante, Marandinho"," $105,271.00 ",M,24-02-47934,Married
770,"Maruanto, Mazindara"," $119,076.00 ",N,24-02-48934,Divorced
771,"Kuzante, Marandinho"," $170,086.00 ",M,24-02-49934,Single
772,"Maruanto, Mazindara"," $38,549.00 ",F,24-02-50934,Married
773,"Kuzante, Marandinho"," $115,113.00 ",F,24-02-51934,Divorced
774,"Maruanto, Mazindara"," $88,019.00 ",N,24-02-52934,Single
775,"Kuzante, Marandinho"," $206,899.00 ",M,24-02-53934,Married
776,"Maruanto, Mazindara"," $57,500.00 ",N,24-02-54934,Divorced
777,"Kuzante, Marandinho"," $76,392.00 ",F,24-02-55934,Single
778,"Maruanto, Mazindara"," $53,157.00 ",N,24-02-56934,Married
779,"Kuzante, Marandinho"," $181,651.00 ",M,24-02-57934,Divorced
780,"Maruanto, Mazindara"," $217,194.00 ",F,24-02-58934,Single
781,"Kuzante, Marandinho"," $141,374.00 ",M,24-02-59934,Married
782,"Maruanto, Mazindara"," $58,191.00 ",M,24-02-60934,Divorced
783,"Kuzante, Marandinho"," $20,111.00 ",M,24-02-61934,Single
784,"Maruanto, Mazindara"," $117,382.00 ",N,24-02-62934,Married
785,"Kuzante, Marandinho"," $138,107.00 ",M,24-02-63934,Divorced
786,"Maruanto, Mazindara"," $95,362.00 ",F,24-02-64934,Single
787,"Kuzante, Marandinho"," $173,027.00 ",F,24-02-65934,Married
788,"Maruanto, Mazindara"," $67,275.00 ",N,24-02-66934,Divorced
789,"Kuzante, Marandinho"," $92,665.00 ",M,24-02-67934,Single
790,"Maruanto, Mazindara"," $199,671.00 ",N,24-02-68934,Married
791,"Kuzante, Marandinho"," $123,698.00 ",F,24-02-69934,Divorced
792,"Maruanto, Mazindara"," $210,672.00 ",N,24-02-70934,Single
793,"Kuzante, Marandinho"," $204,144.00 ",M,24-02-71934,Married
794,"Maruanto, Mazindara"," $18,146.00 ",F,24-02-72934,Divorced
795,"Kuzante, Marandinho"," $219,637.00 ",M,24-02-73934,Single
796,"Maruanto, Mazindara"," $178,176.00 ",M,24-02-74934,Married
797,"Kuzante, Marandinho"," $97,236.00 ",M,24-02-75934,Divorced
798,"Maruanto, Mazindara"," $216,439.00 ",N,24-02-76934,Divorced
799,"Kuzante, Marandinho"," $59,437.00 ",M,24-02-77934,Single
800,"Maruanto, Mazindara"," $78,471.00 ",F,24-02-78934,Married
801,"Kuzante, Marandinho"," $142,615.00 ",F,24-02-79934,Divorced
802,"Maruanto, Mazindara"," $96,040.00 ",N,24-02-80934,Single
803,"Kuzante, Marandinho"," $139,243.00 ",M,24-02-81934,Married
804,"Maruanto, Mazindara"," $33,270.00 ",N,24-02-82934,Divorced
805,"Kuzante, Marandinho"," $51,983.00 ",F,24-02-83934,Single
806,"Maruanto, Mazindara"," $231,194.00 ",N,24-02-84934,Married
807,"Kuzante, Marandinho"," $67,429.00 ",M,24-02-85934,Divorced
808,"Maruanto, Mazindara"," $138,926.00 ",F,24-02-86934,Single
809,"Kuzante, Marandinho"," $171,143.00 ",M,24-02-87934,Married
810,"Maruanto, Mazindara"," $152,016.00 ",M,24-02-88934,Divorced
811,"Kuzante, Marandinho"," $119,511.00 ",M,24-02-89934,Single
812,"Maruanto, Mazindara"," $87,488.00 ",N,24-02-90934,Married
813,"Kuzante, Marandinho"," $101,234.00 ",M,24-02-91934,Divorced
814,"Maruanto, Mazindara"," $73,592.00 ",F,24-02-92934,Single
815,"Kuzante, Marandinho"," $81,154.00 ",F,24-02-93934,Married
816,"Maruanto, Mazindara"," $96,795.00 ",N,24-02-94934,Divorced
817,"Kuzante, Marandinho"," $39,649.00 ",M,24-02-95934,Divorced
818,"Maruanto, Mazindara"," $154,590.00 ",N,24-02-96934,Single
819,"Kuzante, Marandinho"," $154,962.00 ",F,24-02-97934,Married
820,"Maruanto, Mazindara"," $198,552.00 ",N,24-02-98934,Divorced
821,"Kuzante, Marandinho"," $123,322.00 ",M,24-02-99934,Single
822,"Maruanto, Mazindara"," $210,761.00 ",F,24-02-100934,Married
823,"Kuzante, Marandinho"," $155,331.00 ",M,24-02-1934,Single
824,"Maruanto, Mazindara"," $176,784.00 ",F,24-02-2934,Married
825,"Kuzante, Marandinho"," $71,233.00 ",M,24-02-3934,Divorced
826,"Maruanto, Mazindara"," $44,868.00 ",M,24-02-4934,Single
827,"Kuzante, Marandinho"," $208,434.00 ",M,24-02-5934,Married
828,"Maruanto, Mazindara"," $153,447.00 ",N,24-02-6934,Divorced
829,"Kuzante, Marandinho"," $192,530.00 ",M,24-02-7934,Single
830,"Maruanto, Mazindara"," $208,149.00 ",F,24-02-8934,Married
831,"Kuzante, Marandinho"," $216,408.00 ",F,24-02-9934,Divorced
832,"Maruanto, Mazindara"," $176,345.00 ",N,24-02-10934,Single
833,"Kuzante, Marandinho"," $84,107.00 ",M,24-02-11934,Married
834,"Maruanto, Mazindara"," $60,299.00 ",N,24-02-12934,Divorced
835,"Kuzante, Marandinho"," $186,982.00 ",F,24-02-13934,Single
836,"Maruanto, Mazindara"," $65,429.00 ",N,24-02-14934,Married
837,"Kuzante, Marandinho"," $85,676.00 ",M,24-02-15934,Divorced
838,"Maruanto, Mazindara"," $207,773.00 ",F,24-02-16934,Single
839,"Kuzante, Marandinho"," $55,275.00 ",M,24-02-17934,Married
840,"Maruanto, Mazindara"," $141,860.00 ",M,24-02-18934,Divorced
841,"Kuzante, Marandinho"," $114,006.00 ",M,24-02-19934,Single
842,"Maruanto, Mazindara"," $137,170.00 ",N,24-02-20934,Married
843,"Kuzante, Marandinho"," $22,475.00 ",M,24-02-21934,Divorced
844,"Maruanto, Mazindara"," $185,655.00 ",F,24-02-22934,Single
845,"Kuzante, Marandinho"," $100,001.00 ",F,24-02-23934,Married
846,"Maruanto, Mazindara"," $145,009.00 ",N,24-02-24934,Divorced
847,"Kuzante, Marandinho"," $175,942.00 ",M,24-02-25934,Single
848,"Maruanto, Mazindara"," $51,520.00 ",N,24-02-26934,Married
849,"Kuzante, Marandinho"," $42,184.00 ",F,24-02-27934,Divorced
850,"Maruanto, Mazindara"," $72,447.00 ",N,24-02-28934,Single
851,"Kuzante, Marandinho"," $245,412.00 ",M,24-02-29934,Married
852,"Maruanto, Mazindara"," $199,050.00 ",F,24-02-30934,Divorced
853,"Kuzante, Marandinho"," $77,405.00 ",M,24-02-31934,Single
854,"Maruanto, Mazindara"," $235,263.00 ",M,24-02-32934,Married
855,"Kuzante, Marandinho"," $72,641.00 ",M,24-02-33934,Divorced
856,"Maruanto, Mazindara"," $95,585.00 ",N,24-02-34934,Single
857,"Kuzante, Marandinho"," $133,244.00 ",M,24-02-35934,Married
858,"Maruanto, Mazindara"," $38,026.00 ",F,24-02-36934,Divorced
859,"Kuzante, Marandinho"," $111,453.00 ",F,24-02-37934,Single
860,"Maruanto, Mazindara"," $70,341.00 ",N,24-02-38934,Married
861,"Kuzante, Marandinho"," $32,782.00 ",M,24-02-39934,Divorced
862,"Maruanto, Mazindara"," $144,108.00 ",N,24-02-40934,Single
863,"Kuzante, Marandinho"," $34,460.00 ",F,24-02-41934,Married
864,"Maruanto, Mazindara"," $249,744.00 ",N,24-02-42934,Divorced
865,"Kuzante, Marandinho"," $13,704.00 ",M,24-02-43934,Single
866,"Maruanto, Mazindara"," $137,172.00 ",F,24-02-44934,Married
867,"Kuzante, Marandinho"," $152,502.00 ",M,24-02-45934,Divorced
868,"Maruanto, Mazindara"," $133,837.00 ",M,24-02-46934,Single
869,"Kuzante, Marandinho"," $105,271.00 ",M,24-02-47934,Married
870,"Maruanto, Mazindara"," $119,076.00 ",N,24-02-48934,Divorced
871,"Kuzante, Marandinho"," $170,086.00 ",M,24-02-49934,Single
872,"Maruanto, Mazindara"," $38,549.00 ",F,24-02-50934,Married
873,"Kuzante, Marandinho"," $115,113.00 ",F,24-02-51934,Divorced
874,"Maruanto, Mazindara"," $88,019.00 ",N,24-02-52934,Single
875,"Kuzante, Marandinho"," $206,899.00 ",M,24-02-53934,Married
876,"Maruanto, Mazindara"," $57,500.00 ",N,24-02-54934,Divorced
877,"Kuzante, Marandinho"," $76,392.00 ",F,24-02-55934,Single
878,"Maruanto, Mazindara"," $53,157.00 ",N,24-02-56934,Married
879,"Kuzante, Marandinho"," $181,651.00 ",M,24-02-57934,Divorced
880,"Maruanto, Mazindara"," $217,194.00 ",F,24-02-58934,Single
881,"Kuzante, Marandinho"," $141,374.00 ",M,24-02-59934,Married
882,"Maruanto, Mazindara"," $58,191.00 ",M,24-02-60934,Divorced
883,"Kuzante, Marandinho"," $20,111.00 ",M,24-02-61934,Single
884,"Maruanto, Mazindara"," $117,382.00 ",N,24-02-62934,Married
885,"Kuzante, Marandinho"," $138,107.00 ",M,24-02-63934,Divorced
886,"Maruanto, Mazindara"," $95,362.00 ",F,24-02-64934,Single
887,"Kuzante, Marandinho"," $173,027.00 ",F,24-02-65934,Married
888,"Maruanto, Mazindara"," $67,275.00 ",N,24-02-66934,Divorced
889,"Kuzante, Marandinho"," $92,665.00 ",M,24-02-67934,Single
890,"Maruanto, Mazindara"," $199,671.00 ",N,24-02-68934,Married
891,"Kuzante, Marandinho"," $123,698.00 ",F,24-02-69934,Divorced
892,"Maruanto, Mazindara"," $210,672.00 ",N,24-02-70934,Single
893,"Kuzante, Marandinho"," $204,144.00 ",M,24-02-71934,Married
894,"Maruanto, Mazindara"," $18,146.00 ",F,24-02-72934,Divorced
895,"Kuzante, Marandinho"," $219,637.00 ",M,24-02-73934,Single
896,"Maruanto, Mazindara"," $178,176.00 ",M,24-02-74934,Married
897,"Kuzante, Marandinho"," $97,236.00 ",M,24-02-75934,Divorced
898,"Maruanto, Mazindara"," $216,439.00 ",N,24-02-76934,Divorced
899,"Kuzante, Marandinho"," $59,437.00 ",M,24-02-77934,Single
900,"Maruanto, Mazindara"," $78,471.00 ",F,24-02-78934,Married
901,"Kuzante, Marandinho"," $142,615.00 ",F,24-02-79934,Divorced
902,"Maruanto, Mazindara"," $96,040.00 ",N,24-02-80934,Single
903,"Kuzante, Marandinho"," $139,243.00 ",M,24-02-81934,Married
904,"Maruanto, Mazindara"," $33,270.00 ",N,24-02-82934,Divorced
905,"Kuzante, Marandinho"," $51,983.00 ",F,24-02-83934,Single
906,"Maruanto, Mazindara"," $231,194.00 ",N,24-02-84934,Married
907,"Kuzante, Marandinho"," $67,429.00 ",M,24-02-85934,Divorced
908,"Maruanto, Mazindara"," $138,926.00 ",F,24-02-86934,Single
909,"Kuzante, Marandinho"," $171,143.00 ",M,24-02-87934,Married
910,"Maruanto, Mazindara"," $152,016.00 ",M,24-02-88934,Divorced
911,"Kuzante, Marandinho"," $119,511.00 ",M,24-02-89934,Single
912,"Maruanto, Mazindara"," $87,488.00 ",N,24-02-90934,Married
913,"Kuzante, Marandinho"," $101,234.00 ",M,24-02-91934,Divorced
914,"Maruanto, Mazindara"," $73,592.00 ",F,24-02-92934,Single
915,"Kuzante, Marandinho"," $81,154.00 ",F,24-02-93934,Married
916,"Maruanto, Mazindara"," $96,795.00 ",N,24-02-94934,Divorced
917,"Kuzante, Marandinho"," $39,649.00 ",M,24-02-95934,Divorced
918,"Maruanto, Mazindara"," $154,590.00 ",N,24-02-96934,Single
919,"Kuzante, Marandinho"," $154,962.00 ",F,24-02-97934,Married
920,"Maruanto, Mazindara"," $198,552.00 ",N,24-02-98934,Divorced
921,"Kuzante, Marandinho"," $123,322.00 ",M,24-02-99934,Single
922,"Maruanto, Mazindara"," $210,761.00 ",F,24-02-100934,Married
923,"Kuzante, Marandinho"," $142,615.00 ",F,24-02-79934,Divorced
924,"Maruanto, Mazindara"," $96,040.00 ",N,24-02-80934,Single
925,"Kuzante, Marandinho"," $139,243.00 ",M,24-02-81934,Married
926,"Maruanto, Mazindara"," $33,270.00 ",N,24-02-82934,Divorced
927,"Kuzante, Marandinho"," $51,983.00 ",F,24-02-83934,Single
928,"Maruanto, Mazindara"," $231,194.00 ",N,24-02-84934,Married
929,"Kuzante, Marandinho"," $67,429.00 ",M,24-02-85934,Divorced
930,"Maruanto, Mazindara"," $138,926.00 ",F,24-02-86934,Single
931,"Kuzante, Marandinho"," $171,143.00 ",M,24-02-87934,Married
932,"Maruanto, Mazindara"," $152,016.00 ",M,24-02-88934,Divorced
933,"Kuzante, Marandinho"," $119,511.00 ",M,24-02-89934,Single
934,"Maruanto, Mazindara"," $87,488.00 ",N,24-02-90934,Married
935,"Kuzante, Marandinho"," $101,234.00 ",M,24-02-91934,Divorced
936,"Maruanto, Mazindara"," $73,592.00 ",F,24-02-92934,Single
937,"Kuzante, Marandinho"," $81,154.00 ",F,24-02-93934,Married
938,"Maruanto, Mazindara"," $96,795.00 ",N,24-02-94934,Divorced
939,"Kuzante, Marandinho"," $39,649.00 ",M,24-02-95934,Divorced
940,"Maruanto, Mazindara"," $154,590.00 ",N,24-02-96934,Single
941,"Kuzante, Marandinho"," $154,962.00 ",F,24-02-97934,Married
942,"Maruanto, Mazindara"," $198,552.00 ",N,24-02-98934,Divorced
943,"Kuzante, Marandinho"," $123,322.00 ",M,24-02-99934,Single
944,"Maruanto, Mazindara"," $210,761.00 ",F,24-02-100934,Married
945,"Kuzante, Marandinho"," $155,331.00 ",M,24-02-1934,Single
946,"Maruanto, Mazindara"," $176,784.00 ",F,24-02-2934,Married
947,"Kuzante, Marandinho"," $71,233.00 ",M,24-02-3934,Divorced
948,"Maruanto, Mazindara"," $44,868.00 ",M,24-02-4934,Single
949,"Kuzante, Marandinho"," $208,434.00 ",M,24-02-5934,Married
950,"Maruanto, Mazindara"," $153,447.00 ",N,24-02-6934,Divorced
951,"Kuzante, Marandinho"," $192,530.00 ",M,24-02-7934,Single
952,"Maruanto, Mazindara"," $208,149.00 ",F,24-02-8934,Married
953,"Kuzante, Marandinho"," $216,408.00 ",F,24-02-9934,Divorced
954,"Maruanto, Mazindara"," $176,345.00 ",N,24-02-10934,Single
955,"Kuzante, Marandinho"," $84,107.00 ",M,24-02-11934,Married
956,"Maruanto, Mazindara"," $60,299.00 ",N,24-02-12934,Divorced
957,"Kuzante, Marandinho"," $186,982.00 ",F,24-02-13934,Single
958,"Maruanto, Mazindara"," $65,429.00 ",N,24-02-14934,Married
959,"Kuzante, Marandinho"," $85,676.00 ",M,24-02-15934,Divorced
960,"Maruanto, Mazindara"," $207,773.00 ",F,24-02-16934,Single
961,"Kuzante, Marandinho"," $55,275.00 ",M,24-02-17934,Married
962,"Maruanto, Mazindara"," $141,860.00 ",M,24-02-18934,Divorced
963,"Kuzante, Marandinho"," $114,006.00 ",M,24-02-19934,Single
964,"Maruanto, Mazindara"," $137,170.00 ",N,24-02-20934,Married
965,"Kuzante, Marandinho"," $22,475.00 ",M,24-02-21934,Divorced
966,"Maruanto, Mazindara"," $185,655.00 ",F,24-02-22934,Single
967,"Kuzante, Marandinho"," $100,001.00 ",F,24-02-23934,Married
968,"Maruanto, Mazindara"," $145,009.00 ",N,24-02-24934,Divorced
969,"Kuzante, Marandinho"," $175,942.00 ",M,24-02-25934,Single
970,"Maruanto, Mazindara"," $51,520.00 ",N,24-02-26934,Married
971,"Kuzante, Marandinho"," $42,184.00 ",F,24-02-27934,Divorced
972,"Maruanto, Mazindara"," $72,447.00 ",N,24-02-28934,Single
973,"Kuzante, Marandinho"," $245,412.00 ",M,24-02-29934,Married
974,"Maruanto, Mazindara"," $199,050.00 ",F,24-02-30934,Divorced
975,"Kuzante, Marandinho"," $77,405.00 ",M,24-02-31934,Single
976,"Maruanto, Mazindara"," $235,263.00 ",M,24-02-32934,Married
977,"Kuzante, Marandinho"," $72,641.00 ",M,24-02-33934,Divorced
978,"Maruanto, Mazindara"," $95,585.00 ",N,24-02-34934,Single
979,"Kuzante, Marandinho"," $133,244.00 ",M,24-02-35934,Married
980,"Maruanto, Mazindara"," $38,026.00 ",F,24-02-36934,Divorced
981,"Kuzante, Marandinho"," $111,453.00 ",F,24-02-37934,Single
982,"Maruanto, Mazindara"," $70,341.00 ",N,24-02-38934,Married
983,"Kuzante, Marandinho"," $32,782.00 ",M,24-02-39934,Divorced
984,"Maruanto, Mazindara"," $144,108.00 ",N,24-02-40934,Single
985,"Kuzante, Marandinho"," $34,460.00 ",F,24-02-41934,Married
986,"Maruanto, Mazindara"," $249,744.00 ",N,24-02-42934,Divorced
987,"Kuzante, Marandinho"," $13,704.00 ",M,24-02-43934,Single
988,"Maruanto, Mazindara"," $137,172.00 ",F,24-02-44934,Married
989,"Kuzante, Marandinho"," $152,502.00 ",M,24-02-45934,Divorced
990,"Maruanto, Mazindara"," $133,837.00 ",M,24-02-46934,Single
991,"Kuzante, Marandinho"," $105,271.00 ",M,24-02-47934,Married
992,"Maruanto, Mazindara"," $119,076.00 ",N,24-02-48934,Divorced
993,"Kuzante, Marandinho"," $170,086.00 ",M,24-02-49934,Single
994,"Maruanto, Mazindara"," $38,549.00 ",F,24-02-50934,Married
995,"Kuzante, Marandinho"," $115,113.00 ",F,24-02-51934,Divorced
996,"Maruanto, Mazindara"," $88,019.00 ",N,24-02-52934,Single
997,"Kuzante, Marandinho"," $206,899.00 ",M,24-02-53934,Married
998,"Maruanto, Mazindara"," $57,500.00 ",N,24-02-54934,Divorced
999,"Kuzante, Marandinho"," $76,392.00 ",F,24-02-55934,Single
1000,"Maruanto, Mazindara"," $53,157.00 ",N,24-02-56934,Married
1001,"Kuzante, Marandinho"," $181,651.00 ",M,24-02-57934,Divorced
1002,"Maruanto, Mazindara"," $217,194.00 ",F,24-02-58934,Single
1003,"Kuzante, Marandinho"," $141,374.00 ",M,24-02-59934,Married
1004,"Maruanto, Mazindara"," $58,191.00 ",M,24-02-60934,Divorced
1005,"Kuzante, Marandinho"," $20,111.00 ",M,24-02-61934,Single
1006,"Maruanto, Mazindara"," $117,382.00 ",N,24-02-62934,Married
1007,"Kuzante, Marandinho"," $138,107.00 ",M,24-02-63934,Divorced
1008,"Maruanto, Mazindara"," $95,362.00 ",F,24-02-64934,Single
1009,"Kuzante, Marandinho"," $173,027.00 ",F,24-02-65934,Married
1010,"Maruanto, Mazindara"," $67,275.00 ",N,24-02-66934,Divorced
1011,"Kuzante, Marandinho"," $92,665.00 ",M,24-02-67934,Single
1012,"Maruanto, Mazindara"," $199,671.00 ",N,24-02-68934,Married
1013,"Kuzante, Marandinho"," $123,698.00 ",F,24-02-69934,Divorced
1014,"Maruanto, Mazindara"," $210,672.00 ",N,24-02-70934,Single
1015,"Kuzante, Marandinho"," $204,144.00 ",M,24-02-71934,Married
1016,"Maruanto, Mazindara"," $18,146.00 ",F,24-02-72934,Divorced
1017,"Kuzante, Marandinho"," $219,637.00 ",M,24-02-73934,Single
1018,"Maruanto, Mazindara"," $178,176.00 ",M,24-02-74934,Married
1019,"Kuzante, Marandinho"," $97,236.00 ",M,24-02-75934,Divorced
1020,"Maruanto, Mazindara"," $216,439.00 ",N,24-02-76934,Divorced
1021,"Kuzante, Marandinho"," $59,437.00 ",M,24-02-77934,Single
1022,"Maruanto, Mazindara"," $78,471.00 ",F,24-02-78934,Married
1023,"Kuzante, Marandinho"," $142,615.00 ",F,24-02-79934,Divorced
1024,"Maruanto, Mazindara"," $96,040.00 ",N,24-02-80934,Single
1025,"Kuzante, Marandinho"," $139,243.00 ",M,24-02-81934,Married
1026,"Maruanto, Mazindara"," $33,270.00 ",N,24-02-82934,Divorced
1027,"Kuzante, Marandinho"," $51,983.00 ",F,24-02-83934,Single
1028,"Maruanto, Mazindara"," $231,194.00 ",N,24-02-84934,Married
1029,"Kuzante, Marandinho"," $67,429.00 ",M,24-02-85934,Divorced
1030,"Maruanto, Mazindara"," $138,926.00 ",F,24-02-86934,Single
1031,"Kuzante, Marandinho"," $171,143.00 ",M,24-02-87934,Married
1032,"Maruanto, Mazindara"," $152,016.00 ",M,24-02-88934,Divorced
1033,"Kuzante, Marandinho"," $119,511.00 ",M,24-02-89934,Single
1034,"Maruanto, Mazindara"," $87,488.00 ",N,24-02-90934,Married
1035,"Kuzante, Marandinho"," $101,234.00 ",M,24-02-91934,Divorced
1036,"Maruanto, Mazindara"," $73,592.00 ",F,24-02-92934,Single
1037,"Kuzante, Marandinho"," $81,154.00 ",F,24-02-93934,Married
1038,"Maruanto, Mazindara"," $96,795.00 ",N,24-02-94934,Divorced
1039,"Kuzante, Marandinho"," $39,649.00 ",M,24-02-95934,Divorced
1040,"Maruanto, Mazindara"," $154,590.00 ",N,24-02-96934,Single
1041,"Kuzante, Marandinho"," $154,962.00 ",F,24-02-97934,Married
1042,"Maruanto, Mazindara"," $198,552.00 ",N,24-02-98934,Divorced
1043,"Kuzante, Marandinho"," $123,322.00 ",M,24-02-99934,Single
1044,"Maruanto, Mazindara"," $210,761.00 ",F,24-02-100934,Married
1045,"Kuzante, Marandinho"," $155,331.00 ",M,24-02-1934,Single
1046,"Maruanto, Mazindara"," $176,784.00 ",F,24-02-2934,Married
1047,"Kuzante, Marandinho"," $71,233.00 ",M,24-02-3934,Divorced
1048,"Maruanto, Mazindara"," $44,868.00 ",M,24-02-4934,Single
1049,"Kuzante, Marandinho"," $208,434.00 ",M,24-02-5934,Married
1050,"Maruanto, Mazindara"," $153,447.00 ",N,24-02-6934,Divorced
1051,"Kuzante, Marandinho"," $192,530.00 ",M,24-02-7934,Single
1052,"Maruanto, Mazindara"," $208,149.00 ",F,24-02-8934,Married
1053,"Kuzante, Marandinho"," $216,408.00 ",F,24-02-9934,Divorced
1054,"Maruanto, Mazindara"," $176,345.00 ",N,24-02-10934,Single
1055,"Kuzante, Marandinho"," $84,107.00 ",M,24-02-11934,Married
1056,"Maruanto, Mazindara"," $60,299.00 ",N,24-02-12934,Divorced
1057,"Kuzante, Marandinho"," $186,982.00 ",F,24-02-13934,Single
1058,"Maruanto, Mazindara"," $65,429.00 ",N,24-02-14934,Married
1059,"Kuzante, Marandinho"," $85,676.00 ",M,24-02-15934,Divorced
1060,"Maruanto, Mazindara"," $207,773.00 ",F,24-02-16934,Single
1061,"Kuzante, Marandinho"," $55,275.00 ",M,24-02-17934,Married
1062,"Maruanto, Mazindara"," $141,860.00 ",M,24-02-18934,Divorced
1063,"Kuzante, Marandinho"," $114,006.00 ",M,24-02-19934,Single
1064,"Maruanto, Mazindara"," $137,170.00 ",N,24-02-20934,Married
1065,"Kuzante, Marandinho"," $22,475.00 ",M,24-02-21934,Divorced
1066,"Maruanto, Mazindara"," $185,655.00 ",F,24-02-22934,Single
1067,"Kuzante, Marandinho"," $100,001.00 ",F,24-02-23934,Married
1068,"Maruanto, Mazindara"," $145,009.00 ",N,24-02-24934,Divorced
1069,"Kuzante, Marandinho"," $175,942.00 ",M,24-02-25934,Single
1070,"Maruanto, Mazindara"," $51,520.00 ",N,24-02-26934,Married
1071,"Kuzante, Marandinho"," $42,184.00 ",F,24-02-27934,Divorced
1072,"Maruanto, Mazindara"," $72,447.00 ",N,24-02-28934,Single
1073,"Kuzante, Marandinho"," $245,412.00 ",M,24-02-29934,Married
1074,"Maruanto, Mazindara"," $199,050.00 ",F,24-02-30934,Divorced
1075,"Kuzante, Marandinho"," $77,405.00 ",M,24-02-31934,Single
1076,"Maruanto, Mazindara"," $235,263.00 ",M,24-02-32934,Married
1077,"Kuzante, Marandinho"," $72,641.00 ",M,24-02-33934,Divorced
1078,"Maruanto, Mazindara"," $95,585.00 ",N,24-02-34934,Single
1079,"Kuzante, Marandinho"," $133,244.00 ",M,24-02-35934,Married
1080,"Maruanto, Mazindara"," $38,026.00 ",F,24-02-36934,Divorced
1081,"Kuzante, Marandinho"," $111,453.00 ",F,24-02-37934,Single
1082,"Maruanto, Mazindara"," $70,341.00 ",N,24-02-38934,Married
1083,"Kuzante, Marandinho"," $32,782.00 ",M,24-02-39934,Divorced
1084,"Maruanto, Mazindara"," $144,108.00 ",N,24-02-40934,Single
1085,"Kuzante, Marandinho"," $34,460.00 ",F,24-02-41934,Married
1086,"Maruanto, Mazindara"," $249,744.00 ",N,24-02-42934,Divorced
1087,"Kuzante, Marandinho"," $13,704.00 ",M,24-02-43934,Single
1088,"Maruanto, Mazindara"," $137,172.00 ",F,24-02-44934,Married
1089,"Kuzante, Marandinho"," $152,502.00 ",M,24-02-45934,Divorced
1090,"Maruanto, Mazindara"," $133,837.00 ",M,24-02-46934,Single
1091,"Kuzante, Marandinho"," $105,271.00 ",M,24-02-47934,Married
1092,"Maruanto, Mazindara"," $119,076.00 ",N,24-02-48934,Divorced
1093,"Kuzante, Marandinho"," $170,086.00 ",M,24-02-49934,Single
1094,"Maruanto, Mazindara"," $38,549.00 ",F,24-02-50934,Married
1095,"Kuzante, Marandinho"," $115,113.00 ",F,24-02-51934,Divorced
1096,"Maruanto, Mazindara"," $88,019.00 ",N,24-02-52934,Single
1097,"Kuzante, Marandinho"," $206,899.00 ",M,24-02-53934,Married
1098,"Maruanto, Mazindara"," $57,500.00 ",N,24-02-54934,Divorced
1099,"Kuzante, Marandinho"," $76,392.00 ",F,24-02-55934,Single
1100,"Maruanto, Mazindara"," $53,157.00 ",N,24-02-56934,Married
1101,"Kuzante, Marandinho"," $181,651.00 ",M,24-02-57934,Divorced
1102,"Maruanto, Mazindara"," $217,194.00 ",F,24-02-58934,Single
1103,"Kuzante, Marandinho"," $141,374.00 ",M,24-02-59934,Married
1104,"Maruanto, Mazindara"," $58,191.00 ",M,24-02-60934,Divorced
1105,"Kuzante, Marandinho"," $20,111.00 ",M,24-02-61934,Single
1106,"Maruanto, Mazindara"," $117,382.00 ",N,24-02-62934,Married
1107,"Kuzante, Marandinho"," $138,107.00 ",M,24-02-63934,Divorced
1108,"Maruanto, Mazindara"," $95,362.00 ",F,24-02-64934,Single
1109,"Kuzante, Marandinho"," $173,027.00 ",F,24-02-65934,Married
1110,"Maruanto, Mazindara"," $67,275.00 ",N,24-02-66934,Divorced
1111,"Kuzante, Marandinho"," $92,665.00 ",M,24-02-67934,Single
1112,"Maruanto, Mazindara"," $199,671.00 ",N,24-02-68934,Married
1113,"Kuzante, Marandinho"," $123,698.00 ",F,24-02-69934,Divorced
1114,"Maruanto, Mazindara"," $210,672.00 ",N,24-02-70934,Single
1115,"Kuzante, Marandinho"," $204,144.00 ",M,24-02-71934,Married
1116,"Maruanto, Mazindara"," $18,146.00 ",F,24-02-72934,Divorced
1117,"Kuzante, Marandinho"," $219,637.00 ",M,24-02-73934,Single
1118,"Maruanto, Mazindara"," $178,176.00 ",M,24-02-74934,Married
1119,"Kuzante, Marandinho"," $97,236.00 ",M,24-02-75934,Divorced
1120,"Maruanto, Mazindara"," $216,439.00 ",N,24-02-76934,Divorced
1121,"Kuzante, Marandinho"," $59,437.00 ",M,24-02-77934,Single
1122,"Maruanto, Mazindara"," $78,471.00 ",F,24-02-78934,Married
1123,"Kuzante, Marandinho"," $142,615.00 ",F,24-02-79934,Divorced
1124,"Maruanto, Mazindara"," $96,040.00 ",N,24-02-80934,Single
1125,"Kuzante, Marandinho"," $139,243.00 ",M,24-02-81934,Married
1126,"Maruanto, Mazindara"," $33,270.00 ",N,24-02-82934,Divorced
1127,"Kuzante, Marandinho"," $51,983.00 ",F,24-02-83934,Single
1128,"Maruanto, Mazindara"," $231,194.00 ",N,24-02-84934,Married
1129,"Kuzante, Marandinho"," $67,429.00 ",M,24-02-85934,Divorced
1130,"Maruanto, Mazindara"," $138,926.00 ",F,24-02-86934,Single
1131,"Kuzante, Marandinho"," $171,143.00 ",M,24-02-87934,Married
1132,"Maruanto, Mazindara"," $152,016.00 ",M,24-02-88934,Divorced
1133,"Kuzante, Marandinho"," $119,511.00 ",M,24-02-89934,Single
1134,"Maruanto, Mazindara"," $87,488.00 ",N,24-02-90934,Married
1135,"Kuzante, Marandinho"," $101,234.00 ",M,24-02-91934,Divorced
1136,"Maruanto, Mazindara"," $73,592.00 ",F,24-02-92934,Single
1137,"Kuzante, Marandinho"," $81,154.00 ",F,24-02-93934,Married
1138,"Maruanto, Mazindara"," $96,795.00 ",N,24-02-94934,Divorced
1139,"Kuzante, Marandinho"," $39,649.00 ",M,24-02-95934,Divorced
1140,"Maruanto, Mazindara"," $154,590.00 ",N,24-02-96934,Single
1141,"Kuzante, Marandinho"," $154,962.00 ",F,24-02-97934,Married
1142,"Maruanto, Mazindara"," $198,552.00 ",N,24-02-98934,Divorced
1143,"Kuzante, Marandinho"," $123,322.00 ",M,24-02-99934,Single
1144,"Maruanto, Mazindara"," $210,761.00 ",F,24-02-100934,Married
